日期,ETF代码,EMA快线,EMA慢线,DIF,DEA,MACD柱,DIF高于DEA,DIF高于零轴,DEA高于零轴,DIF_DEA差值,DIF强度,MACD强度,计算时间
2024-03-12,560350,1.017,1.017,0.0,0.0,0.0,否,否,否,0.0,0.0,0.0,2025-06-29 16:58:18
2024-03-13,560350,1.015923,1.016481,-0.000558,-0.000112,-0.000893,否,否,否,-0.000446,0.000558,0.000893,2025-06-29 16:58:18
2024-03-14,560350,1.014704,1.015853,-0.001149,-0.000319,-0.00166,否,否,否,-0.00083,0.001149,0.00166,2025-06-29 16:58:18
2024-03-15,560350,1.013365,1.015123,-0.001758,-0.000607,-0.002303,否,否,否,-0.001151,0.001758,0.002303,2025-06-29 16:58:18
2024-03-18,560350,1.013155,1.014892,-0.001737,-0.000833,-0.001808,否,否,否,-0.000904,0.001737,0.001808,2025-06-29 16:58:18
2024-03-19,560350,1.0119,1.014159,-0.002259,-0.001118,-0.002281,否,否,否,-0.001141,0.002259,0.002281,2025-06-29 16:58:18
2024-03-20,560350,1.010839,1.013481,-0.002642,-0.001423,-0.002438,否,否,否,-0.001219,0.002642,0.002438,2025-06-29 16:58:18
2024-03-21,560350,1.009941,1.012853,-0.002912,-0.001721,-0.002383,否,否,否,-0.001191,0.002912,0.002383,2025-06-29 16:58:18
2024-03-22,560350,1.007642,1.01153,-0.003888,-0.002154,-0.003468,否,否,否,-0.001734,0.003888,0.003468,2025-06-29 16:58:18
2024-03-25,560350,1.005236,1.010083,-0.004848,-0.002693,-0.00431,否,否,否,-0.002155,0.004848,0.00431,2025-06-29 16:58:18
2024-03-26,560350,1.003815,1.00904,-0.005226,-0.0032,-0.004052,否,否,否,-0.002026,0.005226,0.004052,2025-06-29 16:58:18
2024-03-27,560350,1.001843,1.007704,-0.005861,-0.003732,-0.004258,否,否,否,-0.002129,0.005861,0.004258,2025-06-29 16:58:18
2024-03-28,560350,1.000637,1.006689,-0.006052,-0.004196,-0.003713,否,否,否,-0.001856,0.006052,0.003713,2025-06-29 16:58:18
2024-03-29,560350,1.000077,1.005971,-0.005894,-0.004536,-0.002717,否,否,否,-0.001358,0.005894,0.002717,2025-06-29 16:58:18
2024-04-01,560350,1.002065,1.006492,-0.004427,-0.004514,0.000174,是,否,否,8.7e-05,0.004427,0.000174,2025-06-29 16:58:18
2024-04-02,560350,1.003286,1.006752,-0.003466,-0.004304,0.001677,是,否,否,0.000838,0.003466,0.001677,2025-06-29 16:58:18
2024-04-03,560350,1.004165,1.006918,-0.002753,-0.003994,0.002482,是,否,否,0.001241,0.002753,0.002482,2025-06-29 16:58:18
2024-04-08,560350,1.003524,1.006406,-0.002881,-0.003771,0.00178,是,否,否,0.00089,0.002881,0.00178,2025-06-29 16:58:18
2024-04-09,560350,1.002828,1.005857,-0.003029,-0.003623,0.001188,是,否,否,0.000594,0.003029,0.001188,2025-06-29 16:58:18
2024-04-10,560350,1.001008,1.004757,-0.003748,-0.003648,-0.0002,否,否,否,-0.0001,0.003748,0.0002,2025-06-29 16:58:18
2024-04-11,560350,0.999161,1.003589,-0.004428,-0.003804,-0.001249,否,否,否,-0.000624,0.004428,0.001249,2025-06-29 16:58:18
2024-04-12,560350,0.996059,1.001768,-0.005709,-0.004185,-0.003047,否,否,否,-0.001524,0.005709,0.003047,2025-06-29 16:58:18
2024-04-15,560350,0.996666,1.001637,-0.004971,-0.004342,-0.001258,否,否,否,-0.000629,0.004971,0.001258,2025-06-29 16:58:18
2024-04-16,560350,0.996717,1.001294,-0.004577,-0.004389,-0.000375,否,否,否,-0.000188,0.004577,0.000375,2025-06-29 16:58:18
2024-04-17,560350,0.998145,1.001642,-0.003497,-0.004211,0.001427,是,否,否,0.000714,0.003497,0.001427,2025-06-29 16:58:18
2024-04-18,560350,0.999661,1.002113,-0.002452,-0.003859,0.002814,是,否,否,0.001407,0.002452,0.002814,2025-06-29 16:58:18
2024-04-19,560350,1.000021,1.002105,-0.002084,-0.003504,0.00284,是,否,否,0.00142,0.002084,0.00284,2025-06-29 16:58:18
2024-04-22,560350,1.000326,1.002097,-0.001771,-0.003157,0.002772,是,否,否,0.001386,0.001771,0.002772,2025-06-29 16:58:18
2024-04-23,560350,0.999352,1.001497,-0.002145,-0.002955,0.00162,是,否,否,0.00081,0.002145,0.00162,2025-06-29 16:58:18
2024-04-24,560350,0.998837,1.00109,-0.002253,-0.002815,0.001122,是,否,否,0.000562,0.002253,0.001122,2025-06-29 16:58:18
2024-04-25,560350,0.999016,1.001009,-0.001994,-0.00265,0.001313,是,否,否,0.000656,0.001994,0.001313,2025-06-29 16:58:18
2024-04-26,560350,1.001475,1.002046,-0.000571,-0.002235,0.003327,是,否,否,0.001664,0.000571,0.003327,2025-06-29 16:58:18
2024-04-29,560350,1.005556,1.003968,0.001587,-0.00147,0.006115,是,是,否,0.003057,0.001587,0.006115,2025-06-29 16:58:18
2024-04-30,560350,1.008393,1.005452,0.002941,-0.000588,0.007058,是,是,否,0.003529,0.002941,0.007058,2025-06-29 16:58:18
2024-05-06,560350,1.013563,1.008159,0.005404,0.000611,0.009587,是,是,是,0.004793,0.005404,0.009587,2025-06-29 16:58:18
2024-05-07,560350,1.017784,1.010592,0.007193,0.001927,0.010531,是,是,是,0.005266,0.007193,0.010531,2025-06-29 16:58:18
2024-05-08,560350,1.019971,1.012178,0.007794,0.0031,0.009387,是,是,是,0.004694,0.007794,0.009387,2025-06-29 16:58:18
2024-05-09,560350,1.023207,1.014313,0.008894,0.004259,0.00927,是,是,是,0.004635,0.008894,0.00927,2025-06-29 16:58:18
2024-05-10,560350,1.026098,1.016364,0.009734,0.005354,0.00876,是,是,是,0.00438,0.009734,0.00876,2025-06-29 16:58:18
2024-05-13,560350,1.027775,1.017892,0.009883,0.00626,0.007246,是,是,是,0.003623,0.009883,0.007246,2025-06-29 16:58:18
2024-05-14,560350,1.028887,1.019159,0.009727,0.006953,0.005548,是,是,是,0.002774,0.009727,0.005548,2025-06-29 16:58:18
2024-05-15,560350,1.02875,1.019814,0.008936,0.00735,0.003172,是,是,是,0.001586,0.008936,0.003172,2025-06-29 16:58:18
2024-05-16,560350,1.029558,1.020865,0.008693,0.007618,0.002149,是,是,是,0.001075,0.008693,0.002149,2025-06-29 16:58:18
2024-05-17,560350,1.032087,1.022727,0.009361,0.007967,0.002787,是,是,是,0.001394,0.009361,0.002787,2025-06-29 16:58:18
2024-05-20,560350,1.034382,1.024525,0.009857,0.008345,0.003024,是,是,是,0.001512,0.009857,0.003024,2025-06-29 16:58:18
2024-05-21,560350,1.035708,1.025893,0.009814,0.008639,0.002351,是,是,是,0.001175,0.009814,0.002351,2025-06-29 16:58:18
2024-05-22,560350,1.036983,1.027235,0.009749,0.008861,0.001776,是,是,是,0.000888,0.009749,0.001776,2025-06-29 16:58:18
2024-05-23,560350,1.036524,1.027736,0.008789,0.008846,-0.000115,否,是,是,-5.7e-05,0.008789,0.000115,2025-06-29 16:58:18
2024-05-24,560350,1.034444,1.027385,0.007059,0.008489,-0.00286,否,是,是,-0.00143,0.007059,0.00286,2025-06-29 16:58:18
2024-05-27,560350,1.033606,1.027505,0.006102,0.008011,-0.003819,否,是,是,-0.001909,0.006102,0.003819,2025-06-29 16:58:18
2024-05-28,560350,1.031821,1.027097,0.004724,0.007354,-0.00526,否,是,是,-0.00263,0.004724,0.00526,2025-06-29 16:58:18
2024-05-29,560350,1.030617,1.026868,0.00375,0.006633,-0.005766,否,是,是,-0.002883,0.00375,0.005766,2025-06-29 16:58:18
2024-05-30,560350,1.02883,1.026285,0.002545,0.005815,-0.00654,否,是,是,-0.00327,0.002545,0.00654,2025-06-29 16:58:18
2024-05-31,560350,1.026702,1.025449,0.001254,0.004903,-0.007299,否,是,是,-0.003649,0.001254,0.007299,2025-06-29 16:58:18
2024-06-03,560350,1.025364,1.024897,0.000467,0.004016,-0.007099,否,是,是,-0.003549,0.000467,0.007099,2025-06-29 16:58:18
2024-06-04,560350,1.025769,1.025127,0.000642,0.003341,-0.005398,否,是,是,-0.002699,0.000642,0.005398,2025-06-29 16:58:18
2024-06-05,560350,1.025343,1.024969,0.000374,0.002748,-0.004748,否,是,是,-0.002374,0.000374,0.004748,2025-06-29 16:58:18
2024-06-06,560350,1.024829,1.024749,7.9e-05,0.002214,-0.004269,否,是,是,-0.002135,7.9e-05,0.004269,2025-06-29 16:58:18
2024-06-07,560350,1.023163,1.023953,-0.00079,0.001613,-0.004807,否,否,是,-0.002403,0.00079,0.004807,2025-06-29 16:58:18
2024-06-11,560350,1.020676,1.022697,-0.002021,0.000886,-0.005815,否,否,是,-0.002907,0.002021,0.005815,2025-06-29 16:58:18
2024-06-12,560350,1.017957,1.021238,-0.003281,5.3e-05,-0.006668,否,否,是,-0.003334,0.003281,0.006668,2025-06-29 16:58:18
2024-06-13,560350,1.014887,1.019517,-0.00463,-0.000884,-0.007493,否,否,否,-0.003746,0.00463,0.007493,2025-06-29 16:58:18
2024-06-14,560350,1.013058,1.018293,-0.005236,-0.001754,-0.006963,否,否,否,-0.003482,0.005236,0.006963,2025-06-29 16:58:18
2024-06-17,560350,1.010895,1.016864,-0.005969,-0.002597,-0.006744,否,否,否,-0.003372,0.005969,0.006744,2025-06-29 16:58:18
2024-06-18,560350,1.009219,1.015615,-0.006396,-0.003357,-0.006078,否,否,否,-0.003039,0.006396,0.006078,2025-06-29 16:58:18
2024-06-19,560350,1.007493,1.01431,-0.006817,-0.004049,-0.005537,否,否,否,-0.002768,0.006817,0.005537,2025-06-29 16:58:18
2024-06-20,560350,1.004956,1.012584,-0.007628,-0.004765,-0.005726,否,否,否,-0.002863,0.007628,0.005726,2025-06-29 16:58:18
2024-06-21,560350,1.002347,1.010763,-0.008416,-0.005495,-0.005841,否,否,否,-0.002921,0.008416,0.005841,2025-06-29 16:58:18
2024-06-24,560350,1.00014,1.009076,-0.008937,-0.006183,-0.005507,否,否,否,-0.002754,0.008937,0.005507,2025-06-29 16:58:18
2024-06-25,560350,0.997811,1.007293,-0.009482,-0.006843,-0.005279,否,否,否,-0.002639,0.009482,0.005279,2025-06-29 16:58:18
2024-06-26,560350,0.996609,1.006012,-0.009403,-0.007355,-0.004096,否,否,否,-0.002048,0.009403,0.004096,2025-06-29 16:58:18
2024-06-27,560350,0.994823,1.004456,-0.009633,-0.007811,-0.003644,否,否,否,-0.001822,0.009633,0.003644,2025-06-29 16:58:18
2024-06-28,560350,0.993619,1.003163,-0.009543,-0.008157,-0.002772,否,否,否,-0.001386,0.009543,0.002772,2025-06-29 16:58:18
2024-07-01,560350,0.991986,1.001669,-0.009683,-0.008462,-0.002442,否,否,否,-0.001221,0.009683,0.002442,2025-06-29 16:58:18
2024-07-02,560350,0.990449,1.000212,-0.009763,-0.008722,-0.00208,否,否,否,-0.001041,0.009763,0.00208,2025-06-29 16:58:18
2024-07-03,560350,0.989611,0.999085,-0.009474,-0.008873,-0.001203,否,否,否,-0.000601,0.009474,0.001203,2025-06-29 16:58:18
2024-07-04,560350,0.988748,0.997968,-0.00922,-0.008942,-0.000556,否,否,否,-0.000278,0.00922,0.000556,2025-06-29 16:58:18
2024-07-05,560350,0.987248,0.996563,-0.009315,-0.009017,-0.000596,否,否,否,-0.000298,0.009315,0.000596,2025-06-29 16:58:18
2024-07-08,560350,0.982044,0.993367,-0.011323,-0.009478,-0.003691,否,否,否,-0.001845,0.011323,0.003691,2025-06-29 16:58:18
2024-07-09,560350,0.97886,0.990995,-0.012136,-0.01001,-0.004252,否,否,否,-0.002126,0.012136,0.004252,2025-06-29 16:58:18
2024-07-10,560350,0.975861,0.988652,-0.012792,-0.010566,-0.004451,否,否,否,-0.002226,0.012792,0.004451,2025-06-29 16:58:18
2024-07-11,560350,0.97561,0.987584,-0.011974,-0.010848,-0.002253,否,否,否,-0.001126,0.011974,0.002253,2025-06-29 16:58:18
2024-07-12,560350,0.976313,0.987036,-0.010723,-0.010823,0.0002,是,否,否,0.0001,0.010723,0.0002,2025-06-29 16:58:18
2024-07-15,560350,0.976603,0.986381,-0.009778,-0.010614,0.001671,是,否,否,0.000836,0.009778,0.001671,2025-06-29 16:58:18
2024-07-16,560350,0.977305,0.985995,-0.00869,-0.010229,0.003079,是,否,否,0.001539,0.00869,0.003079,2025-06-29 16:58:18
2024-07-17,560350,0.97851,0.985931,-0.007421,-0.009667,0.004492,是,否,否,0.002246,0.007421,0.004492,2025-06-29 16:58:18
2024-07-18,560350,0.980749,0.986459,-0.005711,-0.008876,0.006331,是,否,否,0.003165,0.005711,0.006331,2025-06-29 16:58:18
2024-07-19,560350,0.983863,0.987536,-0.003673,-0.007835,0.008325,是,否,否,0.004162,0.003673,0.008325,2025-06-29 16:58:18
2024-07-22,560350,0.985278,0.987945,-0.002667,-0.006802,0.00827,是,否,否,0.004135,0.002667,0.00827,2025-06-29 16:58:18
2024-07-23,560350,0.983579,0.986929,-0.003351,-0.006112,0.005522,是,否,否,0.002761,0.003351,0.005522,2025-06-29 16:58:18
2024-07-24,560350,0.980921,0.985401,-0.00448,-0.005785,0.00261,是,否,否,0.001305,0.00448,0.00261,2025-06-29 16:58:18
2024-07-25,560350,0.977757,0.983546,-0.005789,-0.005786,-6e-06,否,否,否,-3e-06,0.005789,6e-06,2025-06-29 16:58:18
2024-07-26,560350,0.975538,0.982049,-0.006511,-0.005931,-0.00116,否,否,否,-0.00058,0.006511,0.00116,2025-06-29 16:58:18
2024-07-29,560350,0.97244,0.980075,-0.007635,-0.006272,-0.002726,否,否,否,-0.001363,0.007635,0.002726,2025-06-29 16:58:18
2024-07-30,560350,0.968751,0.977733,-0.008982,-0.006814,-0.004336,否,否,否,-0.002168,0.008982,0.004336,2025-06-29 16:58:18
2024-07-31,560350,0.968984,0.97718,-0.008196,-0.00709,-0.002211,否,否,否,-0.001106,0.008196,0.002211,2025-06-29 16:58:18
2024-08-01,560350,0.96781,0.976008,-0.008198,-0.007312,-0.001772,否,否,否,-0.000886,0.008198,0.001772,2025-06-29 16:58:18
2024-08-02,560350,0.965443,0.974261,-0.008818,-0.007613,-0.002409,否,否,否,-0.001205,0.008818,0.002409,2025-06-29 16:58:18
2024-08-05,560350,0.962374,0.97213,-0.009756,-0.008042,-0.003429,否,否,否,-0.001714,0.009756,0.003429,2025-06-29 16:58:18
2024-08-06,560350,0.959014,0.969789,-0.010776,-0.008588,-0.004374,否,否,否,-0.002188,0.010776,0.004374,2025-06-29 16:58:18
2024-08-07,560350,0.956018,0.967549,-0.011531,-0.009177,-0.004707,否,否,否,-0.002354,0.011531,0.004707,2025-06-29 16:58:18
2024-08-08,560350,0.953789,0.965621,-0.011833,-0.009708,-0.004249,否,否,否,-0.002125,0.011833,0.004249,2025-06-29 16:58:18
2024-08-09,560350,0.951445,0.963616,-0.012171,-0.010201,-0.003941,否,否,否,-0.00197,0.012171,0.003941,2025-06-29 16:58:18
2024-08-12,560350,0.949157,0.961613,-0.012456,-0.010652,-0.003609,否,否,否,-0.001804,0.012456,0.003609,2025-06-29 16:58:18
2024-08-13,560350,0.94722,0.959758,-0.012538,-0.011029,-0.003017,否,否,否,-0.001509,0.012538,0.003017,2025-06-29 16:58:18
2024-08-14,560350,0.944515,0.957527,-0.013012,-0.011426,-0.003173,否,否,否,-0.001586,0.013012,0.003173,2025-06-29 16:58:18
2024-08-15,560350,0.943597,0.956121,-0.012524,-0.011645,-0.001757,否,否,否,-0.000879,0.012524,0.001757,2025-06-29 16:58:18
2024-08-16,560350,0.943126,0.954967,-0.01184,-0.011684,-0.000312,否,否,否,-0.000156,0.01184,0.000312,2025-06-29 16:58:18
2024-08-19,560350,0.943185,0.954118,-0.010933,-0.011534,0.001202,是,否,否,0.000601,0.010933,0.001202,2025-06-29 16:58:18
2024-08-20,560350,0.94232,0.952891,-0.010571,-0.011341,0.00154,是,否,否,0.00077,0.010571,0.00154,2025-06-29 16:58:18
2024-08-21,560350,0.941283,0.951609,-0.010326,-0.011138,0.001625,是,否,否,0.000812,0.010326,0.001625,2025-06-29 16:58:18
2024-08-22,560350,0.940253,0.950348,-0.010095,-0.01093,0.001669,是,否,否,0.000835,0.010095,0.001669,2025-06-29 16:58:18
2024-08-23,560350,0.940601,0.949768,-0.009167,-0.010577,0.002821,是,否,否,0.00141,0.009167,0.002821,2025-06-29 16:58:18
2024-08-26,560350,0.941049,0.949305,-0.008256,-0.010113,0.003714,是,否,否,0.001857,0.008256,0.003714,2025-06-29 16:58:18
2024-08-27,560350,0.940817,0.948582,-0.007764,-0.009643,0.003758,是,否,否,0.001879,0.007764,0.003758,2025-06-29 16:58:18
2024-08-28,560350,0.939707,0.947472,-0.007765,-0.009268,0.003005,是,否,否,0.001503,0.007765,0.003005,2025-06-29 16:58:18
2024-08-29,560350,0.938767,0.946444,-0.007677,-0.00895,0.002544,是,否,否,0.001273,0.007677,0.002544,2025-06-29 16:58:18
2024-08-30,560350,0.941631,0.947254,-0.005623,-0.008284,0.005322,是,否,否,0.002661,0.005623,0.005322,2025-06-29 16:58:18
2024-09-02,560350,0.940547,0.946316,-0.005769,-0.007781,0.004025,是,否,否,0.002012,0.005769,0.004025,2025-06-29 16:58:18
2024-09-03,560350,0.940241,0.945741,-0.0055,-0.007325,0.003649,是,否,否,0.001825,0.0055,0.003649,2025-06-29 16:58:18
2024-09-04,560350,0.939371,0.944915,-0.005544,-0.006969,0.00285,是,否,否,0.001425,0.005544,0.00285,2025-06-29 16:58:18
2024-09-05,560350,0.938788,0.944223,-0.005436,-0.006662,0.002453,是,否,否,0.001226,0.005436,0.002453,2025-06-29 16:58:18
2024-09-06,560350,0.937074,0.942996,-0.005921,-0.006514,0.001185,是,否,否,0.000593,0.005921,0.001185,2025-06-29 16:58:18
2024-09-09,560350,0.933948,0.941052,-0.007104,-0.006632,-0.000944,否,否,否,-0.000472,0.007104,0.000944,2025-06-29 16:58:18
2024-09-10,560350,0.930997,0.939105,-0.008108,-0.006927,-0.002362,否,否,否,-0.001181,0.008108,0.002362,2025-06-29 16:58:18
2024-09-11,560350,0.928805,0.937449,-0.008644,-0.007271,-0.002747,否,否,否,-0.001373,0.008644,0.002747,2025-06-29 16:58:18
2024-09-12,560350,0.926493,0.935695,-0.009203,-0.007657,-0.003091,否,否,否,-0.001546,0.009203,0.003091,2025-06-29 16:58:18
2024-09-13,560350,0.923926,0.933778,-0.009852,-0.008096,-0.003511,否,否,否,-0.001756,0.009852,0.003511,2025-06-29 16:58:18
2024-09-18,560350,0.922822,0.932517,-0.009694,-0.008416,-0.002558,否,否,否,-0.001278,0.009694,0.002558,2025-06-29 16:58:18
2024-09-19,560350,0.92265,0.931716,-0.009065,-0.008546,-0.00104,否,否,否,-0.000519,0.009065,0.00104,2025-06-29 16:58:18
2024-09-20,560350,0.922505,0.930974,-0.008469,-0.00853,0.000122,是,否,否,6.1e-05,0.008469,0.000122,2025-06-29 16:58:18
2024-09-23,560350,0.922687,0.930434,-0.007748,-0.008374,0.001252,是,否,否,0.000626,0.007748,0.001252,2025-06-29 16:58:18
2024-09-24,560350,0.928939,0.932871,-0.003932,-0.007485,0.007108,是,否,否,0.003553,0.003932,0.007108,2025-06-29 16:58:18
2024-09-25,560350,0.937127,0.936522,0.000605,-0.005867,0.012945,是,是,否,0.006472,0.000605,0.012945,2025-06-29 16:58:18
2024-09-26,560350,0.951374,0.943427,0.007948,-0.003104,0.022104,是,是,否,0.011052,0.007948,0.022104,2025-06-29 16:58:18
2024-09-27,560350,0.971358,0.953637,0.017721,0.001061,0.03332,是,是,是,0.01666,0.017721,0.03332,2025-06-29 16:58:18
2024-09-30,560350,1.004277,0.9708,0.033477,0.007544,0.051867,是,是,是,0.025933,0.033477,0.051867,2025-06-29 16:58:18
2024-10-08,560350,1.04067,0.990802,0.049868,0.016009,0.067718,是,是,是,0.033859,0.049868,0.067718,2025-06-29 16:58:18
2024-10-09,560350,1.055607,1.001688,0.053919,0.023591,0.060657,是,是,是,0.030328,0.053919,0.060657,2025-06-29 16:58:18
2024-10-10,560350,1.070076,1.012648,0.057427,0.030358,0.054138,是,是,是,0.027069,0.057427,0.054138,2025-06-29 16:58:18
2024-10-11,560350,1.077897,1.020668,0.057229,0.035732,0.042993,是,是,是,0.021497,0.057229,0.042993,2025-06-29 16:58:18
2024-10-14,560350,1.087716,1.029635,0.058081,0.040202,0.035758,是,是,是,0.017879,0.058081,0.035758,2025-06-29 16:58:18
2024-10-15,560350,1.091146,1.035589,0.055557,0.043273,0.024568,是,是,是,0.012284,0.055557,0.024568,2025-06-29 16:58:18
2024-10-16,560350,1.088888,1.038617,0.050271,0.044673,0.011197,是,是,是,0.005598,0.050271,0.011197,2025-06-29 16:58:18
2024-10-17,560350,1.084715,1.040332,0.044384,0.044615,-0.000462,否,是,是,-0.000231,0.044384,0.000462,2025-06-29 16:58:18
2024-10-18,560350,1.087821,1.045115,0.042707,0.044233,-0.003054,否,是,是,-0.001526,0.042707,0.003054,2025-06-29 16:58:18
2024-10-21,560350,1.0906,1.049616,0.040984,0.043583,-0.005199,否,是,是,-0.002599,0.040984,0.005199,2025-06-29 16:58:18
2024-10-22,560350,1.093856,1.05422,0.039636,0.042794,-0.006315,否,是,是,-0.003158,0.039636,0.006315,2025-06-29 16:58:18
2024-10-23,560350,1.097667,1.05899,0.038676,0.041971,-0.006588,否,是,是,-0.003295,0.038676,0.006588,2025-06-29 16:58:18
2024-10-24,560350,1.099082,1.062537,0.036545,0.040885,-0.008681,否,是,是,-0.00434,0.036545,0.008681,2025-06-29 16:58:18
2024-10-25,560350,1.101485,1.066401,0.035084,0.039725,-0.009282,否,是,是,-0.004641,0.035084,0.009282,2025-06-29 16:58:18
2024-10-28,560350,1.103519,1.069979,0.03354,0.038488,-0.009896,否,是,是,-0.004948,0.03354,0.009896,2025-06-29 16:58:18
2024-10-29,560350,1.103732,1.072566,0.031166,0.037024,-0.011716,否,是,是,-0.005858,0.031166,0.011716,2025-06-29 16:58:18
2024-10-30,560350,1.102102,1.07409,0.028012,0.035221,-0.014418,否,是,是,-0.007209,0.028012,0.014418,2025-06-29 16:58:18
2024-10-31,560350,1.10027,1.075283,0.024988,0.033175,-0.016374,否,是,是,-0.008187,0.024988,0.016374,2025-06-29 16:58:18
2024-11-01,560350,1.099776,1.076896,0.02288,0.031116,-0.016471,否,是,是,-0.008236,0.02288,0.016471,2025-06-29 16:58:18
2024-11-04,560350,1.101621,1.079479,0.022142,0.029321,-0.014358,否,是,是,-0.007179,0.022142,0.014358,2025-06-29 16:58:18
2024-11-05,560350,1.107103,1.083758,0.023344,0.028126,-0.009563,否,是,是,-0.004782,0.023344,0.009563,2025-06-29 16:58:18
2024-11-06,560350,1.110384,1.087068,0.023317,0.027164,-0.007695,否,是,是,-0.003847,0.023317,0.007695,2025-06-29 16:58:18
2024-11-07,560350,1.118892,1.092891,0.026001,0.026931,-0.001861,否,是,是,-0.00093,0.026001,0.001861,2025-06-29 16:58:18
2024-11-08,560350,1.12413,1.097339,0.026791,0.026903,-0.000224,否,是,是,-0.000112,0.026791,0.000224,2025-06-29 16:58:18
2024-11-11,560350,1.129015,1.101676,0.02734,0.026991,0.000698,是,是,是,0.000349,0.02734,0.000698,2025-06-29 16:58:18
2024-11-12,560350,1.131339,1.10482,0.026519,0.026896,-0.000754,否,是,是,-0.000377,0.026519,0.000754,2025-06-29 16:58:18
2024-11-13,560350,1.134361,1.108239,0.026122,0.026741,-0.001239,否,是,是,-0.000619,0.026122,0.001239,2025-06-29 16:58:18
2024-11-14,560350,1.134203,1.110098,0.024105,0.026214,-0.004219,否,是,是,-0.002109,0.024105,0.004219,2025-06-29 16:58:18
2024-11-15,560350,1.131052,1.110367,0.020686,0.025108,-0.008845,否,是,是,-0.004422,0.020686,0.008845,2025-06-29 16:58:18
2024-11-18,560350,1.127632,1.110252,0.01738,0.023563,-0.012365,否,是,是,-0.006183,0.01738,0.012365,2025-06-29 16:58:18
2024-11-19,560350,1.125493,1.11051,0.014983,0.021847,-0.013727,否,是,是,-0.006864,0.014983,0.013727,2025-06-29 16:58:18
2024-11-20,560350,1.123984,1.110893,0.013091,0.020096,-0.014009,否,是,是,-0.007005,0.013091,0.014009,2025-06-29 16:58:18
2024-11-21,560350,1.122557,1.111175,0.011381,0.018353,-0.013943,否,是,是,-0.006972,0.011381,0.013943,2025-06-29 16:58:18
2024-11-22,560350,1.116372,1.10904,0.007331,0.016148,-0.017635,否,是,是,-0.008817,0.007331,0.017635,2025-06-29 16:58:18
2024-11-25,560350,1.110082,1.106555,0.003527,0.013624,-0.020195,否,是,是,-0.010097,0.003527,0.020195,2025-06-29 16:58:18
2024-11-26,560350,1.104459,1.104109,0.00035,0.010969,-0.021239,否,是,是,-0.010619,0.00035,0.021239,2025-06-29 16:58:18
2024-11-27,560350,1.101812,1.10286,-0.001049,0.008566,-0.019229,否,否,是,-0.009615,0.001049,0.019229,2025-06-29 16:58:18
2024-11-28,560350,1.098064,1.100978,-0.002914,0.00627,-0.018368,否,否,是,-0.009184,0.002914,0.018368,2025-06-29 16:58:18
2024-11-29,560350,1.096401,1.099962,-0.003561,0.004304,-0.015729,否,否,是,-0.007865,0.003561,0.015729,2025-06-29 16:58:18
2024-12-02,560350,1.09605,1.099529,-0.003479,0.002747,-0.012452,否,否,是,-0.006226,0.003479,0.012452,2025-06-29 16:58:18
2024-12-03,560350,1.095602,1.099055,-0.003454,0.001507,-0.009921,否,否,是,-0.004961,0.003454,0.009921,2025-06-29 16:58:18
2024-12-04,560350,1.094619,1.098326,-0.003707,0.000464,-0.008343,否,否,是,-0.004171,0.003707,0.008343,2025-06-29 16:58:18
2024-12-05,560350,1.093185,1.097361,-0.004177,-0.000464,-0.007425,否,否,否,-0.003713,0.004177,0.007425,2025-06-29 16:58:18
2024-12-06,560350,1.094535,1.097702,-0.003167,-0.001005,-0.004325,否,否,否,-0.002162,0.003167,0.004325,2025-06-29 16:58:18
2024-12-09,560350,1.095677,1.098017,-0.00234,-0.001272,-0.002137,否,否,否,-0.001068,0.00234,0.002137,2025-06-29 16:58:18
2024-12-10,560350,1.098152,1.099036,-0.000883,-0.001194,0.000621,是,否,否,0.000311,0.000883,0.000621,2025-06-29 16:58:18
2024-12-11,560350,1.099794,1.099761,3.3e-05,-0.000949,0.001964,是,是,否,0.000982,3.3e-05,0.001964,2025-06-29 16:58:18
2024-12-12,560350,1.103144,1.101376,0.001768,-0.000405,0.004346,是,是,否,0.002173,0.001768,0.004346,2025-06-29 16:58:18
2024-12-13,560350,1.101755,1.100838,0.000917,-0.000141,0.002115,是,是,否,0.001058,0.000917,0.002115,2025-06-29 16:58:18
2024-12-16,560350,1.099374,1.09976,-0.000386,-0.00019,-0.000392,否,否,否,-0.000196,0.000386,0.000392,2025-06-29 16:58:18
2024-12-17,560350,1.098565,1.099342,-0.000777,-0.000307,-0.000939,否,否,否,-0.00047,0.000777,0.000939,2025-06-29 16:58:18
2024-12-18,560350,1.098484,1.099245,-0.000761,-0.000398,-0.000726,否,否,否,-0.000363,0.000761,0.000726,2025-06-29 16:58:18
2024-12-19,560350,1.098717,1.099301,-0.000584,-0.000435,-0.000297,否,否,否,-0.000149,0.000584,0.000297,2025-06-29 16:58:18
2024-12-20,560350,1.09801,1.098917,-0.000907,-0.00053,-0.000756,否,否,否,-0.000377,0.000907,0.000756,2025-06-29 16:58:18
2024-12-23,560350,1.097562,1.098634,-0.001073,-0.000638,-0.000869,否,否,否,-0.000435,0.001073,0.000869,2025-06-29 16:58:18
2024-12-24,560350,1.099143,1.099316,-0.000173,-0.000545,0.000744,是,否,否,0.000372,0.000173,0.000744,2025-06-29 16:58:18
2024-12-25,560350,1.100633,1.100021,0.000612,-0.000314,0.001852,是,是,否,0.000926,0.000612,0.001852,2025-06-29 16:58:18
2024-12-26,560350,1.10144,1.100455,0.000986,-5.4e-05,0.002079,是,是,否,0.00104,0.000986,0.002079,2025-06-29 16:58:18
2024-12-27,560350,1.101822,1.100712,0.00111,0.000179,0.001863,是,是,是,0.000931,0.00111,0.001863,2025-06-29 16:58:18
2024-12-30,560350,1.103201,1.101458,0.001743,0.000492,0.002503,是,是,是,0.001251,0.001743,0.002503,2025-06-29 16:58:18
2024-12-31,560350,1.102859,1.101422,0.001437,0.000681,0.001512,是,是,是,0.000756,0.001437,0.001512,2025-06-29 16:58:18
2025-01-02,560350,1.097442,1.098921,-0.001479,0.000249,-0.003455,否,否,是,-0.001728,0.001479,0.003455,2025-06-29 16:58:18
2025-01-03,560350,1.091652,1.096023,-0.004371,-0.000675,-0.007393,否,否,否,-0.003696,0.004371,0.007393,2025-06-29 16:58:18
2025-01-06,560350,1.086149,1.09305,-0.006901,-0.00192,-0.009961,否,否,否,-0.004981,0.006901,0.009961,2025-06-29 16:58:18
2025-01-07,560350,1.081794,1.090442,-0.008648,-0.003266,-0.010764,否,否,否,-0.005382,0.008648,0.010764,2025-06-29 16:58:18
2025-01-08,560350,1.077355,1.087664,-0.010309,-0.004674,-0.011269,否,否,否,-0.005635,0.010309,0.011269,2025-06-29 16:58:18
2025-01-09,560350,1.071908,1.084278,-0.012369,-0.006213,-0.012312,否,否,否,-0.006156,0.012369,0.012312,2025-06-29 16:58:18
2025-01-10,560350,1.065949,1.080492,-0.014543,-0.007879,-0.013328,否,否,否,-0.006664,0.014543,0.013328,2025-06-29 16:58:18
2025-01-13,560350,1.060606,1.076842,-0.016237,-0.009551,-0.013371,否,否,否,-0.006686,0.016237,0.013371,2025-06-29 16:58:18
2025-01-14,560350,1.059687,1.075197,-0.01551,-0.010743,-0.009535,否,否,否,-0.004767,0.01551,0.009535,2025-06-29 16:58:18
2025-01-15,560350,1.057859,1.073168,-0.015309,-0.011656,-0.007306,否,否,否,-0.003653,0.015309,0.007306,2025-06-29 16:58:18
2025-01-16,560350,1.056162,1.071217,-0.015055,-0.012336,-0.005438,否,否,否,-0.002719,0.015055,0.005438,2025-06-29 16:58:18
2025-01-17,560350,1.055477,1.069772,-0.014295,-0.012728,-0.003135,否,否,否,-0.001567,0.014295,0.003135,2025-06-29 16:58:18
2025-01-20,560350,1.056098,1.069012,-0.012914,-0.012765,-0.000299,否,否,否,-0.000149,0.012914,0.000299,2025-06-29 16:58:18
2025-01-21,560350,1.057223,1.068597,-0.011374,-0.012487,0.002226,是,否,否,0.001113,0.011374,0.002226,2025-06-29 16:58:18
2025-01-22,560350,1.055924,1.067129,-0.011205,-0.01223,0.002051,是,否,否,0.001025,0.011205,0.002051,2025-06-29 16:58:18
2025-01-23,560350,1.054825,1.06577,-0.010945,-0.011973,0.002057,是,否,否,0.001028,0.010945,0.002057,2025-06-29 16:58:18
2025-01-24,560350,1.055396,1.065234,-0.009838,-0.011546,0.003416,是,否,否,0.001708,0.009838,0.003416,2025-06-29 16:58:18
2025-01-27,560350,1.055129,1.064377,-0.009248,-0.011087,0.003677,是,否,否,0.001839,0.009248,0.003677,2025-06-29 16:58:18
2025-02-05,560350,1.054302,1.063294,-0.008992,-0.010668,0.003352,是,否,否,0.001676,0.008992,0.003352,2025-06-29 16:58:18
2025-02-06,560350,1.055254,1.063086,-0.007832,-0.010101,0.004537,是,否,否,0.002269,0.007832,0.004537,2025-06-29 16:58:18
2025-02-07,560350,1.058611,1.064122,-0.005511,-0.009183,0.007343,是,否,否,0.003672,0.005511,0.007343,2025-06-29 16:58:18
2025-02-10,560350,1.061601,1.065154,-0.003553,-0.008057,0.009008,是,否,否,0.004504,0.003553,0.009008,2025-06-29 16:58:18
2025-02-11,560350,1.063231,1.065675,-0.002444,-0.006934,0.00898,是,否,否,0.00449,0.002444,0.00898,2025-06-29 16:58:18
2025-02-12,560350,1.065961,1.066809,-0.000848,-0.005717,0.009738,是,否,否,0.004869,0.000848,0.009738,2025-06-29 16:58:18
2025-02-13,560350,1.068421,1.06793,0.000491,-0.004475,0.009932,是,是,否,0.004966,0.000491,0.009932,2025-06-29 16:58:18
2025-02-14,560350,1.072454,1.069908,0.002545,-0.003071,0.011233,是,是,否,0.005616,0.002545,0.011233,2025-06-29 16:58:18
2025-02-17,560350,1.075416,1.071523,0.003893,-0.001678,0.011142,是,是,否,0.005571,0.003893,0.011142,2025-06-29 16:58:18
2025-02-18,560350,1.076872,1.072512,0.004359,-0.000471,0.00966,是,是,否,0.00483,0.004359,0.00966,2025-06-29 16:58:18
2025-02-19,560350,1.079304,1.074007,0.005298,0.000683,0.00923,是,是,是,0.004615,0.005298,0.00923,2025-06-29 16:58:18
2025-02-20,560350,1.080912,1.075173,0.005739,0.001694,0.00809,是,是,是,0.004045,0.005739,0.00809,2025-06-29 16:58:18
2025-02-21,560350,1.084224,1.077193,0.007031,0.002761,0.008539,是,是,是,0.00427,0.007031,0.008539,2025-06-29 16:58:18
2025-02-24,560350,1.086726,1.078918,0.007808,0.003771,0.008074,是,是,是,0.004037,0.007808,0.008074,2025-06-29 16:58:18
2025-02-25,560350,1.087042,1.079649,0.007393,0.004495,0.005796,是,是,是,0.002898,0.007393,0.005796,2025-06-29 16:58:18
2025-02-26,560350,1.08836,1.080831,0.007529,0.005102,0.004854,是,是,是,0.002427,0.007529,0.004854,2025-06-29 16:58:18
2025-02-27,560350,1.090076,1.082215,0.007861,0.005654,0.004414,是,是,是,0.002207,0.007861,0.004414,2025-06-29 16:58:18
2025-02-28,560350,1.088826,1.082195,0.006631,0.005849,0.001563,是,是,是,0.000782,0.006631,0.001563,2025-06-29 16:58:18
2025-03-03,560350,1.087468,1.082033,0.005435,0.005766,-0.000662,否,是,是,-0.000331,0.005435,0.000662,2025-06-29 16:58:18
2025-03-04,560350,1.085569,1.081521,0.004048,0.005423,-0.00275,否,是,是,-0.001375,0.004048,0.00275,2025-06-29 16:58:18
2025-03-05,560350,1.084412,1.081264,0.003148,0.004968,-0.003639,否,是,是,-0.00182,0.003148,0.003639,2025-06-29 16:58:18
2025-03-06,560350,1.085684,1.08211,0.003575,0.004689,-0.002229,否,是,是,-0.001114,0.003575,0.002229,2025-06-29 16:58:18
2025-03-07,560350,1.086311,1.082676,0.003635,0.004478,-0.001687,否,是,是,-0.000843,0.003635,0.001687,2025-06-29 16:58:18
2025-03-10,560350,1.08624,1.082911,0.003329,0.004248,-0.001839,否,是,是,-0.000919,0.003329,0.001839,2025-06-29 16:58:18
2025-03-11,560350,1.086181,1.083129,0.003052,0.004009,-0.001915,否,是,是,-0.000957,0.003052,0.001915,2025-06-29 16:58:18
2025-03-12,560350,1.08598,1.083259,0.002722,0.003752,-0.00206,否,是,是,-0.00103,0.002722,0.00206,2025-06-29 16:58:18
2025-03-13,560350,1.085511,1.083234,0.002276,0.003457,-0.00236,否,是,是,-0.001181,0.002276,0.00236,2025-06-29 16:58:18
2025-03-14,560350,1.090066,1.085596,0.00447,0.003659,0.001621,是,是,是,0.000811,0.00447,0.001621,2025-06-29 16:58:18
2025-03-17,560350,1.093321,1.087494,0.005826,0.004093,0.003467,是,是,是,0.001733,0.005826,0.003467,2025-06-29 16:58:18
2025-03-18,560350,1.096975,1.089685,0.007289,0.004732,0.005115,是,是,是,0.002557,0.007289,0.005115,2025-06-29 16:58:18
2025-03-19,560350,1.101118,1.09222,0.008898,0.005565,0.006665,是,是,是,0.003333,0.008898,0.006665,2025-06-29 16:58:18
2025-03-20,560350,1.103272,1.093916,0.009356,0.006323,0.006065,是,是,是,0.003033,0.009356,0.006065,2025-06-29 16:58:18
2025-03-21,560350,1.101643,1.093825,0.007818,0.006622,0.002392,是,是,是,0.001196,0.007818,0.002392,2025-06-29 16:58:18
2025-03-24,560350,1.101615,1.094391,0.007225,0.006743,0.000964,是,是,是,0.000482,0.007225,0.000964,2025-06-29 16:58:18
2025-03-25,560350,1.101442,1.094842,0.006599,0.006714,-0.000229,否,是,是,-0.000115,0.006599,0.000229,2025-06-29 16:58:18
2025-03-26,560350,1.100695,1.094972,0.005723,0.006516,-0.001585,否,是,是,-0.000793,0.005723,0.001585,2025-06-29 16:58:18
2025-03-27,560350,1.100963,1.095525,0.005438,0.0063,-0.001724,否,是,是,-0.000862,0.005438,0.001724,2025-06-29 16:58:18
2025-03-28,560350,1.10074,1.09582,0.00492,0.006024,-0.002209,否,是,是,-0.001104,0.00492,0.002209,2025-06-29 16:58:18
2025-03-31,560350,1.0995,1.095588,0.003913,0.005602,-0.003379,否,是,是,-0.001689,0.003913,0.003379,2025-06-29 16:58:18
2025-04-01,560350,1.097701,1.095011,0.00269,0.005019,-0.004659,否,是,是,-0.002329,0.00269,0.004659,2025-06-29 16:58:18
2025-04-02,560350,1.095428,1.094116,0.001312,0.004278,-0.005932,否,是,是,-0.002966,0.001312,0.005932,2025-06-29 16:58:18
2025-04-03,560350,1.092904,1.092998,-9.4e-05,0.003404,-0.006995,否,否,是,-0.003498,9.4e-05,0.006995,2025-06-29 16:58:18
2025-04-07,560350,1.077561,1.085604,-0.008043,0.001114,-0.018314,否,否,是,-0.009157,0.008043,0.018314,2025-06-29 16:58:18
2025-04-08,560350,1.06863,1.080708,-0.012078,-0.001524,-0.021107,否,否,否,-0.010554,0.012078,0.021107,2025-06-29 16:58:18
2025-04-09,560350,1.061674,1.076464,-0.01479,-0.004177,-0.021225,否,否,否,-0.010613,0.01479,0.021225,2025-06-29 16:58:18
2025-04-10,560350,1.05834,1.073763,-0.015423,-0.006426,-0.017994,否,否,否,-0.008997,0.015423,0.017994,2025-06-29 16:58:18
2025-04-11,560350,1.056569,1.071768,-0.015199,-0.008181,-0.014036,否,否,否,-0.007018,0.015199,0.014036,2025-06-29 16:58:18
2025-04-14,560350,1.055521,1.070137,-0.014617,-0.009468,-0.010297,否,否,否,-0.005149,0.014617,0.010297,2025-06-29 16:58:18
2025-04-15,560350,1.054183,1.068411,-0.014227,-0.01042,-0.007615,否,否,否,-0.003807,0.014227,0.007615,2025-06-29 16:58:18
2025-04-16,560350,1.053202,1.066884,-0.013682,-0.011072,-0.00522,否,否,否,-0.00261,0.013682,0.00522,2025-06-29 16:58:18
2025-04-17,560350,1.052672,1.065616,-0.012944,-0.011447,-0.002994,否,否,否,-0.001497,0.012944,0.002994,2025-06-29 16:58:18
2025-04-18,560350,1.052373,1.064513,-0.01214,-0.011585,-0.001109,否,否,否,-0.000555,0.01214,0.001109,2025-06-29 16:58:18
2025-04-21,560350,1.052421,1.063637,-0.011216,-0.011511,0.000591,是,否,否,0.000295,0.011216,0.000591,2025-06-29 16:58:18
2025-04-22,560350,1.052912,1.063042,-0.010131,-0.011235,0.002209,是,否,否,0.001104,0.010131,0.002209,2025-06-29 16:58:18
2025-04-23,560350,1.053777,1.062708,-0.008931,-0.010774,0.003686,是,否,否,0.001843,0.008931,0.003686,2025-06-29 16:58:18
2025-04-24,560350,1.054659,1.062472,-0.007812,-0.010182,0.004739,是,否,否,0.00237,0.007812,0.004739,2025-06-29 16:58:18
2025-04-25,560350,1.055556,1.062325,-0.006769,-0.009499,0.005461,是,否,否,0.00273,0.006769,0.005461,2025-06-29 16:58:18
2025-04-28,560350,1.056015,1.062044,-0.00603,-0.008805,0.005552,是,否,否,0.002775,0.00603,0.005552,2025-06-29 16:58:18
2025-04-29,560350,1.055952,1.061568,-0.005615,-0.008167,0.005104,是,否,否,0.002552,0.005615,0.005104,2025-06-29 16:58:18
2025-04-30,560350,1.05575,1.061054,-0.005304,-0.007595,0.004581,是,否,否,0.002291,0.005304,0.004581,2025-06-29 16:58:18
2025-05-06,560350,1.056929,1.061229,-0.0043,-0.006936,0.005272,是,否,否,0.002636,0.0043,0.005272,2025-06-29 16:58:18
2025-05-07,560350,1.058827,1.061824,-0.002997,-0.006148,0.006302,是,否,否,0.003151,0.002997,0.006302,2025-06-29 16:58:18
2025-05-08,560350,1.061784,1.063026,-0.001242,-0.005167,0.00785,是,否,否,0.003925,0.001242,0.00785,2025-06-29 16:58:18
2025-05-09,560350,1.064287,1.064139,0.000148,-0.004104,0.008503,是,是,否,0.004252,0.000148,0.008503,2025-06-29 16:58:18
2025-05-12,560350,1.068505,1.066181,0.002324,-0.002818,0.010285,是,是,否,0.005142,0.002324,0.010285,2025-06-29 16:58:18
2025-05-13,560350,1.072075,1.068072,0.004003,-0.001454,0.010914,是,是,否,0.005457,0.004003,0.010914,2025-06-29 16:58:18
2025-05-14,560350,1.077497,1.070979,0.006518,0.00014,0.012755,是,是,是,0.006378,0.006518,0.012755,2025-06-29 16:58:18
2025-05-15,560350,1.081034,1.073165,0.007869,0.001686,0.012366,是,是,是,0.006183,0.007869,0.012366,2025-06-29 16:58:18
2025-05-16,560350,1.082976,1.074683,0.008293,0.003007,0.010571,是,是,是,0.005286,0.008293,0.010571,2025-06-29 16:58:18
2025-05-19,560350,1.084319,1.075944,0.008375,0.004081,0.008589,是,是,是,0.004294,0.008375,0.008589,2025-06-29 16:58:18
2025-05-20,560350,1.086657,1.07769,0.008967,0.005058,0.007817,是,是,是,0.003909,0.008967,0.007817,2025-06-29 16:58:18
2025-05-21,560350,1.089685,1.079812,0.009873,0.006021,0.007704,是,是,是,0.003852,0.009873,0.007704,2025-06-29 16:58:18
2025-05-22,560350,1.091947,1.081633,0.010315,0.00688,0.00687,是,是,是,0.003435,0.010315,0.00687,2025-06-29 16:58:18
2025-05-23,560350,1.092961,1.082885,0.010076,0.007519,0.005114,是,是,是,0.002557,0.010076,0.005114,2025-06-29 16:58:18
2025-05-26,560350,1.092168,1.083249,0.008919,0.007799,0.002239,是,是,是,0.00112,0.008919,0.002239,2025-06-29 16:58:18
2025-05-27,560350,1.090596,1.083153,0.007443,0.007728,-0.00057,否,是,是,-0.000285,0.007443,0.00057,2025-06-29 16:58:18
2025-05-28,560350,1.088966,1.08292,0.006046,0.007392,-0.00269,否,是,是,-0.001346,0.006046,0.00269,2025-06-29 16:58:18
2025-05-29,560350,1.088187,1.082992,0.005195,0.006952,-0.003515,否,是,是,-0.001757,0.005195,0.003515,2025-06-29 16:58:18
2025-05-30,560350,1.086777,1.082698,0.004079,0.006377,-0.004597,否,是,是,-0.002298,0.004079,0.004597,2025-06-29 16:58:18
2025-06-03,560350,1.085434,1.082354,0.00308,0.005718,-0.005275,否,是,是,-0.002638,0.00308,0.005275,2025-06-29 16:58:18
2025-06-04,560350,1.084598,1.08218,0.002419,0.005058,-0.005279,否,是,是,-0.002639,0.002419,0.005279,2025-06-29 16:58:18
2025-06-05,560350,1.084191,1.082163,0.002028,0.004452,-0.004848,否,是,是,-0.002424,0.002028,0.004848,2025-06-29 16:58:18
2025-06-06,560350,1.083546,1.082003,0.001544,0.003871,-0.004653,否,是,是,-0.002327,0.001544,0.004653,2025-06-29 16:58:18
2025-06-09,560350,1.083001,1.081854,0.001147,0.003326,-0.004358,否,是,是,-0.002179,0.001147,0.004358,2025-06-29 16:58:18
2025-06-10,560350,1.081488,1.081211,0.000277,0.002716,-0.004877,否,是,是,-0.002439,0.000277,0.004877,2025-06-29 16:58:18
2025-06-11,560350,1.08216,1.081555,0.000605,0.002294,-0.003378,否,是,是,-0.001689,0.000605,0.003378,2025-06-29 16:58:18
2025-06-12,560350,1.082728,1.081873,0.000855,0.002006,-0.002302,否,是,是,-0.001151,0.000855,0.002302,2025-06-29 16:58:18
2025-06-13,560350,1.082008,1.08159,0.000418,0.001689,-0.00254,否,是,是,-0.001271,0.000418,0.00254,2025-06-29 16:58:18
2025-06-16,560350,1.081249,1.081255,-6e-06,0.00135,-0.002712,否,否,是,-0.001356,6e-06,0.002712,2025-06-29 16:58:18
2025-06-17,560350,1.080607,1.080946,-0.000339,0.001012,-0.002702,否,否,是,-0.001351,0.000339,0.002702,2025-06-29 16:58:18
2025-06-18,560350,1.079763,1.080514,-0.000751,0.000659,-0.002821,否,否,是,-0.00141,0.000751,0.002821,2025-06-29 16:58:18
2025-06-19,560350,1.077698,1.079464,-0.001766,0.000174,-0.003881,否,否,是,-0.00194,0.001766,0.003881,2025-06-29 16:58:18
2025-06-20,560350,1.076251,1.078637,-0.002386,-0.000338,-0.004096,否,否,否,-0.002048,0.002386,0.004096,2025-06-29 16:58:18
2025-06-23,560350,1.075327,1.078015,-0.002688,-0.000808,-0.003761,否,否,否,-0.00188,0.002688,0.003761,2025-06-29 16:58:18
2025-06-24,560350,1.076646,1.078451,-0.001805,-0.001007,-0.001595,否,否,否,-0.000798,0.001805,0.001595,2025-06-29 16:58:18
2025-06-25,560350,1.080014,1.079939,7.5e-05,-0.000791,0.001732,是,是,否,0.000866,7.5e-05,0.001732,2025-06-29 16:58:18
2025-06-26,560350,1.082263,1.081028,0.001236,-0.000386,0.003242,是,是,否,0.001622,0.001236,0.003242,2025-06-29 16:58:18
2025-06-27,560350,1.082816,1.081385,0.001431,-2.2e-05,0.002906,是,是,否,0.001453,0.001431,0.002906,2025-06-29 16:58:18
