date,code,ema_fast,ema_slow,dif,dea,macd_bar,calc_time
2025-06-27,560050,0.823443,0.820593,0.00285,0.001867,0.001966,2025-06-29 17:13:01
2025-06-26,560050,0.822715,0.820098,0.002617,0.001621,0.001991,2025-06-29 17:13:01
2025-06-25,560050,0.821127,0.819209,0.001919,0.001372,0.001093,2025-06-29 17:13:01
2025-06-24,560050,0.819253,0.81822,0.001033,0.001235,-0.000405,2025-06-29 17:13:01
2025-06-23,560050,0.818392,0.817757,0.000634,0.001286,-0.001303,2025-06-29 17:13:01
2025-06-20,560050,0.818547,0.817797,0.000749,0.001449,-0.001399,2025-06-29 17:13:01
2025-06-19,560050,0.818829,0.817892,0.000938,0.001624,-0.001372,2025-06-29 17:13:01
2025-06-18,560050,0.819477,0.818149,0.001328,0.001795,-0.000935,2025-06-29 17:13:01
2025-06-17,560050,0.81953,0.818105,0.001426,0.001912,-0.000973,2025-06-29 17:13:01
2025-06-16,560050,0.819589,0.818057,0.001532,0.002034,-0.001004,2025-06-29 17:13:01
2025-06-13,560050,0.819655,0.818008,0.001647,0.002159,-0.001025,2025-06-29 17:13:01
2025-06-12,560050,0.819727,0.817956,0.001772,0.002288,-0.001032,2025-06-29 17:13:01
2025-06-11,560050,0.819475,0.817743,0.001732,0.002417,-0.001369,2025-06-29 17:13:01
2025-06-10,560050,0.819194,0.817519,0.001675,0.002588,-0.001825,2025-06-29 17:13:01
2025-06-09,560050,0.81966,0.817651,0.002009,0.002816,-0.001614,2025-06-29 17:13:01
2025-06-06,560050,0.819845,0.817633,0.002212,0.003018,-0.001612,2025-06-29 17:13:01
2025-06-05,560050,0.82005,0.817614,0.002436,0.003219,-0.001566,2025-06-29 17:13:01
2025-06-04,560050,0.820055,0.817488,0.002567,0.003415,-0.001695,2025-06-29 17:13:01
2025-06-03,560050,0.820395,0.817514,0.002881,0.003627,-0.001491,2025-06-29 17:13:01
2025-05-30,560050,0.820994,0.817646,0.003348,0.003813,-0.00093,2025-06-29 17:13:01
2025-05-29,560050,0.82166,0.817785,0.003875,0.003929,-0.000109,2025-06-29 17:13:01
2025-05-28,560050,0.821956,0.817721,0.004234,0.003943,0.000583,2025-06-29 17:13:01
2025-05-27,560050,0.822506,0.817759,0.004747,0.00387,0.001754,2025-06-29 17:13:01
2025-05-26,560050,0.823118,0.817799,0.005319,0.003651,0.003336,2025-06-29 17:13:01
2025-05-23,560050,0.823131,0.817526,0.005606,0.003234,0.004743,2025-06-29 17:13:01
2025-05-22,560050,0.822146,0.816764,0.005382,0.002641,0.005482,2025-06-29 17:13:01
2025-05-21,560050,0.820495,0.815699,0.004796,0.001956,0.005681,2025-06-29 17:13:01
2025-05-20,560050,0.81855,0.814525,0.004025,0.001246,0.005559,2025-06-29 17:13:01
2025-05-19,560050,0.817056,0.813605,0.003451,0.000551,0.005799,2025-06-29 17:13:01
2025-05-16,560050,0.815951,0.8129,0.003051,-0.000174,0.006449,2025-06-29 17:13:01
2025-05-15,560050,0.814501,0.812053,0.002448,-0.00098,0.006856,2025-06-29 17:13:01
2025-05-14,560050,0.812445,0.81095,0.001495,-0.001837,0.006665,2025-06-29 17:13:01
2025-05-13,560050,0.809495,0.809474,2.1e-05,-0.00267,0.005382,2025-06-29 17:13:01
2025-05-12,560050,0.807661,0.808604,-0.000943,-0.003343,0.0048,2025-06-29 17:13:01
2025-05-09,560050,0.805845,0.807794,-0.001948,-0.003943,0.003989,2025-06-29 17:13:01
2025-05-08,560050,0.804606,0.807309,-0.002703,-0.004442,0.003477,2025-06-29 17:13:01
2025-05-07,560050,0.803229,0.806799,-0.00357,-0.004876,0.002612,2025-06-29 17:13:01
2025-05-06,560050,0.802366,0.806578,-0.004213,-0.005203,0.00198,2025-06-29 17:13:01
2025-04-30,560050,0.802073,0.806661,-0.004588,-0.00545,0.001724,2025-06-29 17:13:01
2025-04-29,560050,0.802525,0.807117,-0.004592,-0.005666,0.002148,2025-06-29 17:13:01
2025-04-28,560050,0.802695,0.807439,-0.004744,-0.005934,0.00238,2025-06-29 17:13:01
2025-04-25,560050,0.802439,0.807567,-0.005129,-0.006232,0.002206,2025-06-29 17:13:01
2025-04-24,560050,0.802043,0.80765,-0.005607,-0.006508,0.001802,2025-06-29 17:13:01
2025-04-23,560050,0.801492,0.807684,-0.006192,-0.006733,0.001082,2025-06-29 17:13:01
2025-04-22,560050,0.800991,0.807773,-0.006781,-0.006868,0.000174,2025-06-29 17:13:01
2025-04-21,560050,0.800546,0.807919,-0.007373,-0.00689,-0.000966,2025-06-29 17:13:01
2025-04-18,560050,0.800384,0.80823,-0.007846,-0.006769,-0.002153,2025-06-29 17:13:01
2025-04-17,560050,0.80076,0.808821,-0.008061,-0.0065,-0.003122,2025-06-29 17:13:01
2025-04-16,560050,0.800956,0.809338,-0.008382,-0.00611,-0.004545,2025-06-29 17:13:01
2025-04-15,560050,0.801507,0.81004,-0.008534,-0.005542,-0.005983,2025-06-29 17:13:01
2025-04-14,560050,0.80223,0.810832,-0.008602,-0.004794,-0.007616,2025-06-29 17:13:01
2025-04-11,560050,0.803144,0.811718,-0.008574,-0.003842,-0.009464,2025-06-29 17:13:01
2025-04-10,560050,0.804716,0.812913,-0.008198,-0.002659,-0.011078,2025-06-29 17:13:01
2025-04-09,560050,0.80724,0.81454,-0.007301,-0.001274,-0.012053,2025-06-29 17:13:01
2025-04-08,560050,0.8116,0.81699,-0.00539,0.000232,-0.011246,2025-06-29 17:13:01
2025-04-07,560050,0.816888,0.819779,-0.002891,0.001638,-0.009057,2025-06-29 17:13:01
2025-04-03,560050,0.82432,0.823451,0.000869,0.00277,-0.003803,2025-06-29 17:13:01
2025-04-02,560050,0.8258,0.824107,0.001694,0.003246,-0.003104,2025-06-29 17:13:01
2025-04-01,560050,0.826889,0.824533,0.002356,0.003634,-0.002555,2025-06-29 17:13:01
2025-03-31,560050,0.827655,0.824772,0.002883,0.003953,-0.00214,2025-06-29 17:13:01
2025-03-28,560050,0.828394,0.824971,0.003424,0.00422,-0.001593,2025-06-29 17:13:01
2025-03-27,560050,0.828883,0.825022,0.003861,0.00442,-0.001117,2025-06-29 17:13:01
2025-03-26,560050,0.82887,0.824812,0.004057,0.004559,-0.001004,2025-06-29 17:13:01
2025-03-25,560050,0.829411,0.824855,0.004556,0.004685,-0.000258,2025-06-29 17:13:01
2025-03-24,560050,0.829567,0.82469,0.004878,0.004717,0.000321,2025-06-29 17:13:01
2025-03-21,560050,0.82963,0.824463,0.005168,0.004677,0.000982,2025-06-29 17:13:01
2025-03-20,560050,0.830367,0.82454,0.005827,0.004554,0.002546,2025-06-29 17:13:01
2025-03-19,560050,0.829408,0.823779,0.005629,0.004236,0.002787,2025-06-29 17:13:01
2025-03-18,560050,0.827564,0.822609,0.004955,0.003888,0.002135,2025-06-29 17:13:01
2025-03-17,560050,0.82596,0.821588,0.004372,0.003621,0.001503,2025-06-29 17:13:01
2025-03-14,560050,0.8244,0.820619,0.003781,0.003433,0.000696,2025-06-29 17:13:01
2025-03-13,560050,0.822223,0.819389,0.002834,0.003346,-0.001024,2025-06-29 17:13:01
2025-03-12,560050,0.822359,0.819304,0.003054,0.003474,-0.000839,2025-06-29 17:13:01
2025-03-11,560050,0.822398,0.819162,0.003236,0.003579,-0.000685,2025-06-29 17:13:01
2025-03-10,560050,0.822443,0.819013,0.00343,0.003664,-0.000469,2025-06-29 17:13:01
2025-03-07,560050,0.822381,0.818803,0.003578,0.003723,-0.00029,2025-06-29 17:13:01
2025-03-06,560050,0.82209,0.818477,0.003613,0.003759,-0.000293,2025-06-29 17:13:01
2025-03-05,560050,0.821322,0.817923,0.003399,0.003796,-0.000794,2025-06-29 17:13:01
2025-03-04,560050,0.821802,0.817972,0.003831,0.003895,-0.000129,2025-06-29 17:13:01
2025-03-03,560050,0.822891,0.818286,0.004605,0.003911,0.001389,2025-06-29 17:13:01
2025-02-28,560050,0.823435,0.818301,0.005134,0.003737,0.002793,2025-06-29 17:13:01
2025-02-27,560050,0.823705,0.818159,0.005546,0.003388,0.004316,2025-06-29 17:13:01
2025-02-26,560050,0.822339,0.81722,0.005119,0.002849,0.004541,2025-06-29 17:13:01
2025-02-25,560050,0.821155,0.816389,0.004765,0.002281,0.004968,2025-06-29 17:13:01
2025-02-24,560050,0.820394,0.815778,0.004616,0.00166,0.005911,2025-06-29 17:13:01
2025-02-21,560050,0.818549,0.814661,0.003888,0.000921,0.005932,2025-06-29 17:13:01
2025-02-20,560050,0.816388,0.813433,0.002955,0.00018,0.00555,2025-06-29 17:13:01
2025-02-19,560050,0.815209,0.812719,0.00249,-0.000514,0.006007,2025-06-29 17:13:01
2025-02-18,560050,0.813565,0.811809,0.001756,-0.001265,0.006041,2025-06-29 17:13:01
2025-02-17,560050,0.811961,0.810957,0.001004,-0.00202,0.006047,2025-06-29 17:13:01
2025-02-14,560050,0.810068,0.810008,6e-05,-0.002776,0.005672,2025-06-29 17:13:01
2025-02-13,560050,0.807742,0.808903,-0.001161,-0.003485,0.004648,2025-06-29 17:13:01
2025-02-12,560050,0.806158,0.808213,-0.002055,-0.004066,0.00402,2025-06-29 17:13:01
2025-02-11,560050,0.804509,0.80754,-0.003032,-0.004568,0.003073,2025-06-29 17:13:01
2025-02-10,560050,0.803565,0.807253,-0.003688,-0.004952,0.002529,2025-06-29 17:13:01
2025-02-07,560050,0.802184,0.806793,-0.004609,-0.005269,0.001319,2025-06-29 17:13:01
2025-02-06,560050,0.800871,0.806413,-0.005543,-0.005433,-0.000218,2025-06-29 17:13:01
2025-02-05,560050,0.800968,0.806751,-0.005783,-0.005406,-0.000754,2025-06-29 17:13:01
2025-01-27,560050,0.801853,0.807475,-0.005622,-0.005312,-0.00062,2025-06-29 17:13:01
2025-01-24,560050,0.80217,0.807921,-0.005751,-0.005234,-0.001033,2025-06-29 17:13:01
2025-01-23,560050,0.8023,0.808285,-0.005985,-0.005105,-0.001759,2025-06-29 17:13:01
2025-01-22,560050,0.803,0.808932,-0.005932,-0.004885,-0.002092,2025-06-29 17:13:01
2025-01-21,560050,0.804,0.809717,-0.005718,-0.004624,-0.002187,2025-06-29 17:13:01
2025-01-20,560050,0.804222,0.810124,-0.005902,-0.004351,-0.003102,2025-06-29 17:13:01
2025-01-17,560050,0.804469,0.810551,-0.006082,-0.003963,-0.004239,2025-06-29 17:13:01
2025-01-16,560050,0.805521,0.81137,-0.005849,-0.003433,-0.004831,2025-06-29 17:13:01
2025-01-15,560050,0.80669,0.812231,-0.005541,-0.002829,-0.005424,2025-06-29 17:13:01
2025-01-14,560050,0.807878,0.813085,-0.005208,-0.002151,-0.006113,2025-06-29 17:13:01
2025-01-13,560050,0.808753,0.813774,-0.005021,-0.001387,-0.007268,2025-06-29 17:13:01
2025-01-10,560050,0.811504,0.815341,-0.003838,-0.000478,-0.006719,2025-06-29 17:13:01
2025-01-09,560050,0.814226,0.816833,-0.002607,0.000362,-0.005937,2025-06-29 17:13:01
2025-01-08,560050,0.81614,0.817877,-0.001737,0.001104,-0.005681,2025-06-29 17:13:01
2025-01-07,560050,0.818045,0.81887,-0.000826,0.001814,-0.005279,2025-06-29 17:13:01
2025-01-06,560050,0.819716,0.819706,1.1e-05,0.002474,-0.004926,2025-06-29 17:13:01
2025-01-03,560050,0.82224,0.820901,0.00134,0.003089,-0.003499,2025-06-29 17:13:01
2025-01-02,560050,0.824823,0.822053,0.002769,0.003527,-0.001515,2025-06-29 17:13:01
2024-12-31,560050,0.827247,0.823056,0.004191,0.003716,0.00095,2025-06-29 17:13:01
2024-12-30,560050,0.827275,0.822848,0.004426,0.003597,0.001658,2025-06-29 17:13:01
2024-12-27,560050,0.826083,0.822051,0.004032,0.00339,0.001284,2025-06-29 17:13:01
2024-12-26,560050,0.825203,0.821422,0.003781,0.00323,0.001103,2025-06-29 17:13:01
2024-12-25,560050,0.824004,0.820655,0.003349,0.003092,0.000514,2025-06-29 17:13:01
2024-12-24,560050,0.822449,0.819742,0.002707,0.003028,-0.000642,2025-06-29 17:13:01
2024-12-23,560050,0.821165,0.818991,0.002174,0.003108,-0.001868,2025-06-29 17:13:01
2024-12-20,560050,0.820961,0.818781,0.002181,0.003341,-0.002321,2025-06-29 17:13:01
2024-12-19,560050,0.821513,0.818927,0.002586,0.003631,-0.002091,2025-06-29 17:13:01
2024-12-18,560050,0.821458,0.818765,0.002693,0.003893,-0.002399,2025-06-29 17:13:01
2024-12-17,560050,0.821509,0.818647,0.002862,0.004193,-0.002661,2025-06-29 17:13:01
2024-12-16,560050,0.821899,0.818682,0.003218,0.004525,-0.002615,2025-06-29 17:13:01
2024-12-13,560050,0.82311,0.819086,0.004024,0.004852,-0.001655,2025-06-29 17:13:01
2024-12-12,560050,0.8239,0.819248,0.004652,0.005059,-0.000814,2025-06-29 17:13:01
2024-12-11,560050,0.822445,0.818314,0.004131,0.005161,-0.00206,2025-06-29 17:13:01
2024-12-10,560050,0.821828,0.817804,0.004023,0.005418,-0.00279,2025-06-29 17:13:01
2024-12-09,560050,0.820697,0.817057,0.00364,0.005767,-0.004254,2025-06-29 17:13:01
2024-12-06,560050,0.82033,0.816692,0.003639,0.006299,-0.00532,2025-06-29 17:13:01
2024-12-05,560050,0.819811,0.816254,0.003557,0.006964,-0.006813,2025-06-29 17:13:01
2024-12-04,560050,0.820568,0.816426,0.004143,0.007815,-0.007346,2025-06-29 17:13:01
2024-12-03,560050,0.821076,0.816448,0.004628,0.008734,-0.008212,2025-06-29 17:13:01
2024-12-02,560050,0.821307,0.816314,0.004993,0.00976,-0.009534,2025-06-29 17:13:01
2024-11-29,560050,0.821674,0.816225,0.005449,0.010952,-0.011006,2025-06-29 17:13:01
2024-11-28,560050,0.82286,0.8165,0.00636,0.012328,-0.011935,2025-06-29 17:13:01
2024-11-27,560050,0.824956,0.817158,0.007798,0.01382,-0.012044,2025-06-29 17:13:01
2024-11-26,560050,0.826284,0.817377,0.008907,0.015325,-0.012836,2025-06-29 17:13:01
2024-11-25,560050,0.829093,0.818239,0.010855,0.016929,-0.01215,2025-06-29 17:13:01
2024-11-22,560050,0.832326,0.819198,0.013127,0.018448,-0.010642,2025-06-29 17:13:01
2024-11-21,560050,0.83514,0.819841,0.015299,0.019778,-0.008958,2025-06-29 17:13:01
2024-11-20,560050,0.835711,0.819306,0.016405,0.020898,-0.008986,2025-06-29 17:13:01
2024-11-19,560050,0.836457,0.818796,0.017661,0.022021,-0.008721,2025-06-29 17:13:01
2024-11-18,560050,0.837396,0.818311,0.019085,0.023112,-0.008053,2025-06-29 17:13:01
2024-11-15,560050,0.838662,0.817906,0.020756,0.024118,-0.006725,2025-06-29 17:13:01
2024-11-14,560050,0.840069,0.817481,0.022589,0.024959,-0.00474,2025-06-29 17:13:01
2024-11-13,560050,0.840299,0.816401,0.023899,0.025551,-0.003305,2025-06-29 17:13:01
2024-11-12,560050,0.838999,0.814527,0.024472,0.025965,-0.002984,2025-06-29 17:13:01
2024-11-11,560050,0.838332,0.812923,0.025409,0.026338,-0.001856,2025-06-29 17:13:01
2024-11-08,560050,0.83648,0.810708,0.025772,0.02657,-0.001595,2025-06-29 17:13:01
2024-11-07,560050,0.833978,0.808167,0.025811,0.026769,-0.001915,2025-06-29 17:13:01
2024-11-06,560050,0.830087,0.804965,0.025122,0.027008,-0.003773,2025-06-29 17:13:01
2024-11-05,560050,0.828652,0.802963,0.025689,0.02748,-0.003582,2025-06-29 17:13:01
2024-11-04,560050,0.825836,0.800277,0.025559,0.027928,-0.004738,2025-06-29 17:13:01
2024-11-01,560050,0.824484,0.798292,0.026192,0.02852,-0.004655,2025-06-29 17:13:01
2024-10-31,560050,0.824093,0.796728,0.027365,0.029102,-0.003473,2025-06-29 17:13:01
2024-10-30,560050,0.824104,0.795293,0.028811,0.029536,-0.00145,2025-06-29 17:13:01
2024-10-29,560050,0.823449,0.793466,0.029983,0.029718,0.000531,2025-06-29 17:13:01
2024-10-28,560050,0.822054,0.791227,0.030827,0.029651,0.002351,2025-06-29 17:13:01
2024-10-25,560050,0.819838,0.788555,0.031283,0.029357,0.003851,2025-06-29 17:13:01
2024-10-24,560050,0.817375,0.785742,0.031633,0.028876,0.005515,2025-06-29 17:13:01
2024-10-23,560050,0.814973,0.782939,0.032034,0.028187,0.007694,2025-06-29 17:13:01
2024-10-22,560050,0.811303,0.779515,0.031788,0.027225,0.009127,2025-06-29 17:13:01
2024-10-21,560050,0.807115,0.775858,0.031257,0.026084,0.010346,2025-06-29 17:13:01
2024-10-18,560050,0.802905,0.772219,0.030686,0.024791,0.011791,2025-06-29 17:13:01
2024-10-17,560050,0.798117,0.768335,0.029781,0.023317,0.012929,2025-06-29 17:13:01
2024-10-16,560050,0.796352,0.765932,0.03042,0.021701,0.017438,2025-06-29 17:13:01
2024-10-15,560050,0.79328,0.762876,0.030404,0.019521,0.021766,2025-06-29 17:13:01
2024-10-14,560050,0.789089,0.75929,0.029798,0.0168,0.025996,2025-06-29 17:13:01
2024-10-11,560050,0.781876,0.754306,0.027571,0.013551,0.02804,2025-06-29 17:13:01
2024-10-10,560050,0.775418,0.749795,0.025623,0.010046,0.031154,2025-06-29 17:13:01
2024-10-09,560050,0.765909,0.743943,0.021967,0.006151,0.03163,2025-06-29 17:13:01
2024-10-08,560050,0.75701,0.738571,0.018439,0.002197,0.032483,2025-06-29 17:13:01
2024-09-30,560050,0.739456,0.729285,0.01017,-0.001863,0.024066,2025-06-29 17:13:01
2024-09-27,560050,0.724506,0.721669,0.002837,-0.004871,0.015417,2025-06-29 17:13:01
2024-09-26,560050,0.71634,0.717651,-0.001311,-0.006798,0.010975,2025-06-29 17:13:01
2024-09-25,560050,0.7096,0.714528,-0.004927,-0.00817,0.006486,2025-06-29 17:13:01
2024-09-24,560050,0.705556,0.712871,-0.007315,-0.008981,0.003331,2025-06-29 17:13:01
2024-09-23,560050,0.702284,0.711707,-0.009422,-0.009397,-5e-05,2025-06-29 17:13:01
2024-09-20,560050,0.702316,0.712218,-0.009902,-0.009391,-0.001021,2025-06-29 17:13:01
2024-09-19,560050,0.702796,0.712966,-0.01017,-0.009263,-0.001814,2025-06-29 17:13:01
2024-09-18,560050,0.70344,0.713806,-0.010367,-0.009037,-0.00266,2025-06-29 17:13:01
2024-09-13,560050,0.704822,0.715007,-0.010185,-0.008704,-0.002961,2025-06-29 17:13:01
2024-09-12,560050,0.70658,0.716375,-0.009796,-0.008334,-0.002923,2025-06-29 17:13:01
2024-09-11,560050,0.708422,0.717764,-0.009342,-0.007968,-0.002746,2025-06-29 17:13:01
2024-09-10,560050,0.710247,0.719119,-0.008873,-0.007625,-0.002495,2025-06-29 17:13:01
2024-09-09,560050,0.712163,0.720494,-0.008331,-0.007313,-0.002036,2025-06-29 17:13:01
2024-09-06,560050,0.714403,0.721994,-0.007591,-0.007059,-0.001064,2025-06-29 17:13:01
2024-09-05,560050,0.716004,0.723151,-0.007148,-0.006926,-0.000444,2025-06-29 17:13:01
2024-09-04,560050,0.717226,0.724107,-0.006881,-0.00687,-2e-05,2025-06-29 17:13:01
2024-09-03,560050,0.718474,0.72506,-0.006586,-0.006868,0.000563,2025-06-29 17:13:01
2024-09-02,560050,0.719304,0.7258,-0.006496,-0.006938,0.000885,2025-06-29 17:13:01
2024-08-30,560050,0.720227,0.726579,-0.006352,-0.007049,0.001394,2025-06-29 17:13:01
2024-08-29,560050,0.719807,0.726714,-0.006907,-0.007223,0.000632,2025-06-29 17:13:01
2024-08-28,560050,0.720897,0.727594,-0.006697,-0.007302,0.00121,2025-06-29 17:13:01
2024-08-27,560050,0.721775,0.728362,-0.006588,-0.007453,0.001731,2025-06-29 17:13:01
2024-08-26,560050,0.721972,0.728802,-0.006831,-0.00767,0.001678,2025-06-29 17:13:01
2024-08-23,560050,0.721857,0.729108,-0.00725,-0.007879,0.001258,2025-06-29 17:13:01
2024-08-22,560050,0.721508,0.729324,-0.007816,-0.008037,0.000442,2025-06-29 17:13:01
2024-08-21,560050,0.721676,0.729815,-0.008139,-0.008092,-9.4e-05,2025-06-29 17:13:01
2024-08-20,560050,0.722084,0.730437,-0.008352,-0.00808,-0.000544,2025-06-29 17:13:01
2024-08-19,560050,0.722427,0.731038,-0.008611,-0.008012,-0.001198,2025-06-29 17:13:01
2024-08-16,560050,0.722586,0.731567,-0.008981,-0.007863,-0.002237,2025-06-29 17:13:01
2024-08-15,560050,0.722873,0.732176,-0.009303,-0.007583,-0.003439,2025-06-29 17:13:01
2024-08-14,560050,0.723748,0.73308,-0.009332,-0.007153,-0.004358,2025-06-29 17:13:01
2024-08-13,560050,0.725386,0.734347,-0.008961,-0.006608,-0.004704,2025-06-29 17:13:01
2024-08-12,560050,0.726874,0.735523,-0.008649,-0.00602,-0.005258,2025-06-29 17:13:01
2024-08-09,560050,0.728526,0.736761,-0.008235,-0.005363,-0.005744,2025-06-29 17:13:01
2024-08-08,560050,0.730251,0.738012,-0.00776,-0.004645,-0.00623,2025-06-29 17:13:01
2024-08-07,560050,0.73239,0.739433,-0.007043,-0.003866,-0.006353,2025-06-29 17:13:01
2024-08-06,560050,0.734878,0.740982,-0.006104,-0.003072,-0.006064,2025-06-29 17:13:01
2024-08-05,560050,0.73742,0.742508,-0.005088,-0.002314,-0.005547,2025-06-29 17:13:01
2024-08-02,560050,0.740023,0.744008,-0.003986,-0.001621,-0.00473,2025-06-29 17:13:01
2024-08-01,560050,0.742025,0.745167,-0.003142,-0.00103,-0.004224,2025-06-29 17:13:01
2024-07-31,560050,0.74325,0.745912,-0.002662,-0.000502,-0.004321,2025-06-29 17:13:01
2024-07-30,560050,0.743945,0.746381,-0.002437,3.9e-05,-0.004951,2025-06-29 17:13:01
2024-07-29,560050,0.746383,0.747665,-0.001282,0.000657,-0.003878,2025-06-29 17:13:01
2024-07-26,560050,0.748203,0.748594,-0.000391,0.001142,-0.003066,2025-06-29 17:13:01
2024-07-25,560050,0.749892,0.749415,0.000477,0.001525,-0.002096,2025-06-29 17:13:01
2024-07-24,560050,0.751769,0.750279,0.00149,0.001787,-0.000594,2025-06-29 17:13:01
2024-07-23,560050,0.753077,0.75082,0.002257,0.001862,0.000791,2025-06-29 17:13:01
2024-07-22,560050,0.753974,0.751126,0.002848,0.001763,0.002171,2025-06-29 17:13:01
2024-07-19,560050,0.753749,0.75087,0.00288,0.001492,0.002776,2025-06-29 17:13:01
2024-07-18,560050,0.75261,0.750179,0.002432,0.001145,0.002574,2025-06-29 17:13:01
2024-07-17,560050,0.751456,0.749504,0.001952,0.000823,0.002259,2025-06-29 17:13:01
2024-07-16,560050,0.750285,0.748846,0.001438,0.00054,0.001796,2025-06-29 17:13:01
2024-07-15,560050,0.748983,0.748154,0.000829,0.000316,0.001026,2025-06-29 17:13:01
2024-07-12,560050,0.748203,0.747741,0.000462,0.000188,0.000549,2025-06-29 17:13:01
2024-07-11,560050,0.747226,0.747254,-2.8e-05,0.000119,-0.000294,2025-06-29 17:13:01
2024-07-10,560050,0.746473,0.746898,-0.000426,0.000156,-0.001163,2025-06-29 17:13:01
2024-07-09,560050,0.746637,0.746998,-0.000362,0.000301,-0.001326,2025-06-29 17:13:01
2024-07-08,560050,0.746374,0.746893,-0.000519,0.000467,-0.001972,2025-06-29 17:13:01
2024-07-05,560050,0.747193,0.747308,-0.000115,0.000713,-0.001657,2025-06-29 17:13:01
2024-07-04,560050,0.747659,0.747535,0.000124,0.00092,-0.001592,2025-06-29 17:13:01
2024-07-03,560050,0.747733,0.747563,0.000169,0.001119,-0.0019,2025-06-29 17:13:01
2024-07-02,560050,0.747814,0.747593,0.000221,0.001357,-0.002272,2025-06-29 17:13:01
2024-07-01,560050,0.748016,0.747677,0.000339,0.001641,-0.002605,2025-06-29 17:13:01
2024-06-28,560050,0.748239,0.747765,0.000474,0.001966,-0.002984,2025-06-29 17:13:01
2024-06-27,560050,0.748822,0.748016,0.000806,0.00234,-0.003068,2025-06-29 17:13:01
2024-06-26,560050,0.74958,0.748333,0.001247,0.002723,-0.002952,2025-06-29 17:13:01
2024-06-25,560050,0.749977,0.748455,0.001522,0.003092,-0.00314,2025-06-29 17:13:01
2024-06-24,560050,0.75053,0.748637,0.001893,0.003484,-0.003183,2025-06-29 17:13:01
2024-06-21,560050,0.751145,0.748829,0.002316,0.003882,-0.003132,2025-06-29 17:13:01
2024-06-20,560050,0.751605,0.748925,0.00268,0.004274,-0.003187,2025-06-29 17:13:01
2024-06-19,560050,0.751784,0.748868,0.002915,0.004672,-0.003514,2025-06-29 17:13:01
2024-06-18,560050,0.751871,0.748756,0.003115,0.005111,-0.003994,2025-06-29 17:13:01
2024-06-17,560050,0.751968,0.748638,0.00333,0.005611,-0.004562,2025-06-29 17:13:01
2024-06-14,560050,0.752297,0.748619,0.003678,0.006181,-0.005005,2025-06-29 17:13:01
2024-06-13,560050,0.752775,0.748652,0.004123,0.006807,-0.005367,2025-06-29 17:13:01
2024-06-12,560050,0.753972,0.749002,0.00497,0.007477,-0.005014,2025-06-29 17:13:01
2024-06-11,560050,0.755191,0.749318,0.005874,0.008104,-0.004461,2025-06-29 17:13:01
2024-06-07,560050,0.756435,0.749597,0.006837,0.008662,-0.003649,2025-06-29 17:13:01
2024-06-06,560050,0.756705,0.749366,0.007339,0.009118,-0.003557,2025-06-29 17:13:01
2024-06-05,560050,0.756339,0.748806,0.007533,0.009563,-0.004059,2025-06-29 17:13:01
2024-06-04,560050,0.756488,0.74848,0.008008,0.01007,-0.004125,2025-06-29 17:13:01
2024-06-03,560050,0.75632,0.747979,0.008341,0.010586,-0.00449,2025-06-29 17:13:01
2024-05-31,560050,0.7568,0.747767,0.009032,0.011147,-0.004229,2025-06-29 17:13:01
2024-05-30,560050,0.757777,0.747755,0.010022,0.011675,-0.003306,2025-06-29 17:13:01
2024-05-29,560050,0.758197,0.747426,0.010771,0.012089,-0.002636,2025-06-29 17:13:01
2024-05-28,560050,0.758219,0.74687,0.011349,0.012418,-0.002138,2025-06-29 17:13:01
2024-05-27,560050,0.758577,0.746442,0.012135,0.012686,-0.001102,2025-06-29 17:13:01
2024-05-24,560050,0.758307,0.745676,0.012632,0.012823,-0.000383,2025-06-29 17:13:01
2024-05-23,560050,0.758675,0.745185,0.01349,0.012871,0.001237,2025-06-29 17:13:01
2024-05-22,560050,0.757861,0.744089,0.013771,0.012716,0.00211,2025-06-29 17:13:01
2024-05-21,560050,0.756179,0.742568,0.013611,0.012453,0.002316,2025-06-29 17:13:01
2024-05-20,560050,0.754421,0.741019,0.013402,0.012163,0.002478,2025-06-29 17:13:01
2024-05-17,560050,0.752023,0.739178,0.012845,0.011853,0.001984,2025-06-29 17:13:01
2024-05-16,560050,0.74947,0.737292,0.012178,0.011605,0.001145,2025-06-29 17:13:01
2024-05-15,560050,0.748078,0.735992,0.012086,0.011462,0.001247,2025-06-29 17:13:01
2024-05-14,560050,0.747309,0.734991,0.012317,0.011306,0.002022,2025-06-29 17:13:01
2024-05-13,560050,0.746121,0.73378,0.01234,0.011054,0.002574,2025-06-29 17:13:01
2024-05-10,560050,0.744801,0.732506,0.012295,0.010732,0.003127,2025-06-29 17:13:01
2024-05-09,560050,0.74289,0.730953,0.011937,0.010341,0.003191,2025-06-29 17:13:01
2024-05-08,560050,0.740878,0.729372,0.011506,0.009942,0.003127,2025-06-29 17:13:01
2024-05-07,560050,0.739309,0.728023,0.011285,0.009551,0.003468,2025-06-29 17:13:01
2024-05-06,560050,0.736565,0.72613,0.010436,0.009118,0.002635,2025-06-29 17:13:01
2024-04-30,560050,0.733628,0.724189,0.009439,0.008788,0.001301,2025-06-29 17:13:01
2024-04-29,560050,0.731809,0.722831,0.008978,0.008626,0.000705,2025-06-29 17:13:01
2024-04-26,560050,0.729232,0.721137,0.008095,0.008538,-0.000886,2025-06-29 17:13:01
2024-04-25,560050,0.727147,0.719724,0.007423,0.008649,-0.002451,2025-06-29 17:13:01
2024-04-24,560050,0.726719,0.71913,0.007588,0.008955,-0.002733,2025-06-29 17:13:01
2024-04-23,560050,0.726687,0.718716,0.007971,0.009297,-0.00265,2025-06-29 17:13:01
2024-04-22,560050,0.726986,0.718438,0.008548,0.009628,-0.00216,2025-06-29 17:13:01
2024-04-19,560050,0.726762,0.717882,0.00888,0.009898,-0.002035,2025-06-29 17:13:01
2024-04-18,560050,0.726402,0.717244,0.009158,0.010152,-0.001988,2025-06-29 17:13:01
2024-04-17,560050,0.725336,0.716257,0.009079,0.010401,-0.002644,2025-06-29 17:13:01
2024-04-16,560050,0.724595,0.715428,0.009167,0.010731,-0.003128,2025-06-29 17:13:01
2024-04-15,560050,0.724328,0.714819,0.009509,0.011122,-0.003227,2025-06-29 17:13:01
2024-04-12,560050,0.723587,0.713968,0.009619,0.011526,-0.003813,2025-06-29 17:13:01
2024-04-11,560050,0.724097,0.713703,0.010394,0.012002,-0.003217,2025-06-29 17:13:01
2024-04-10,560050,0.72433,0.713266,0.011063,0.012404,-0.002682,2025-06-29 17:13:01
2024-04-09,560050,0.724588,0.712807,0.011782,0.01274,-0.001916,2025-06-29 17:13:01
2024-04-08,560050,0.724432,0.712112,0.012319,0.012979,-0.001319,2025-06-29 17:13:01
2024-04-03,560050,0.724035,0.711276,0.012759,0.013144,-0.00077,2025-06-29 17:13:01
2024-04-02,560050,0.723261,0.710238,0.013023,0.01324,-0.000434,2025-06-29 17:13:01
2024-04-01,560050,0.721957,0.708935,0.013022,0.013294,-0.000544,2025-06-29 17:13:01
2024-03-29,560050,0.720174,0.707405,0.012769,0.013362,-0.001186,2025-06-29 17:13:01
2024-03-28,560050,0.719416,0.706374,0.013042,0.013511,-0.000937,2025-06-29 17:13:01
2024-03-27,560050,0.718907,0.705446,0.013461,0.013628,-0.000334,2025-06-29 17:13:01
2024-03-26,560050,0.718674,0.704627,0.014047,0.013669,0.000754,2025-06-29 17:13:01
2024-03-25,560050,0.717638,0.703397,0.014241,0.013575,0.001331,2025-06-29 17:13:01
2024-03-22,560050,0.71682,0.70226,0.01456,0.013409,0.002302,2025-06-29 17:13:01
2024-03-21,560050,0.715911,0.701063,0.014847,0.013121,0.003453,2025-06-29 17:13:01
2024-03-20,560050,0.714234,0.699488,0.014747,0.01269,0.004114,2025-06-29 17:13:01
2024-03-19,560050,0.712371,0.697829,0.014542,0.012175,0.004734,2025-06-29 17:13:01
2024-03-18,560050,0.710301,0.696083,0.014218,0.011584,0.005269,2025-06-29 17:13:01
2024-03-15,560050,0.707668,0.694088,0.013581,0.010925,0.005311,2025-06-29 17:13:01
2024-03-14,560050,0.705631,0.692408,0.013223,0.010261,0.005925,2025-06-29 17:13:01
2024-03-13,560050,0.703701,0.690798,0.012904,0.00952,0.006766,2025-06-29 17:13:01
2024-03-12,560050,0.701335,0.688998,0.012337,0.008675,0.007325,2025-06-29 17:13:01
2024-03-11,560050,0.697928,0.686735,0.011193,0.007759,0.006869,2025-06-29 17:13:01
2024-03-08,560050,0.694586,0.684563,0.010024,0.0069,0.006247,2025-06-29 17:13:01
2024-03-07,560050,0.69254,0.683066,0.009475,0.006119,0.00671,2025-06-29 17:13:01
2024-03-06,560050,0.690823,0.681754,0.009069,0.005281,0.007577,2025-06-29 17:13:01
2024-03-05,560050,0.68847,0.680162,0.008308,0.004334,0.007949,2025-06-29 17:13:01
2024-03-04,560050,0.685522,0.678328,0.007194,0.00334,0.007708,2025-06-29 17:13:01
2024-03-01,560050,0.683247,0.676872,0.006375,0.002377,0.007997,2025-06-29 17:13:01
2024-02-29,560050,0.68083,0.675391,0.005438,0.001377,0.008122,2025-06-29 17:13:01
2024-02-28,560050,0.678699,0.674096,0.004603,0.000362,0.008483,2025-06-29 17:13:01
2024-02-27,560050,0.677111,0.673101,0.004009,-0.000699,0.009416,2025-06-29 17:13:01
2024-02-26,560050,0.674789,0.671791,0.002999,-0.001876,0.009749,2025-06-29 17:13:01
2024-02-23,560050,0.673099,0.670832,0.002267,-0.003094,0.010723,2025-06-29 17:13:01
2024-02-22,560050,0.669888,0.669192,0.000696,-0.004435,0.010262,2025-06-29 17:13:01
2024-02-21,560050,0.666431,0.667518,-0.001086,-0.005718,0.009262,2025-06-29 17:13:01
2024-02-20,560050,0.662924,0.665913,-0.00299,-0.006875,0.007771,2025-06-29 17:13:01
2024-02-19,560050,0.660582,0.664961,-0.00438,-0.007847,0.006934,2025-06-29 17:13:01
2024-02-08,560050,0.658202,0.664065,-0.005863,-0.008714,0.005702,2025-06-29 17:13:01
2024-02-07,560050,0.656002,0.663331,-0.007329,-0.009426,0.004195,2025-06-29 17:13:01
2024-02-06,560050,0.654225,0.662875,-0.00865,-0.009951,0.002601,2025-06-29 17:13:01
2024-02-05,560050,0.652472,0.6625,-0.010028,-0.010276,0.000496,2025-06-29 17:13:01
2024-02-02,560050,0.65308,0.663316,-0.010236,-0.010338,0.000204,2025-06-29 17:13:01
2024-02-01,560050,0.654867,0.664701,-0.009834,-0.010363,0.001058,2025-06-29 17:13:01
2024-01-31,560050,0.656074,0.66579,-0.009716,-0.010495,0.001558,2025-06-29 17:13:01
2024-01-30,560050,0.657416,0.666937,-0.009522,-0.01069,0.002337,2025-06-29 17:13:01
2024-01-29,560050,0.658906,0.668144,-0.009238,-0.010982,0.003488,2025-06-29 17:13:01
2024-01-26,560050,0.659118,0.668731,-0.009613,-0.011418,0.003611,2025-06-29 17:13:01
2024-01-25,560050,0.658353,0.668875,-0.010521,-0.01187,0.002697,2025-06-29 17:13:01
2024-01-24,560050,0.657171,0.668868,-0.011698,-0.012207,0.001019,2025-06-29 17:13:01
2024-01-23,560050,0.657301,0.669545,-0.012245,-0.012334,0.000179,2025-06-29 17:13:01
2024-01-22,560050,0.658334,0.670679,-0.012345,-0.012357,2.2e-05,2025-06-29 17:13:01
2024-01-19,560050,0.659704,0.671978,-0.012274,-0.012359,0.000171,2025-06-29 17:13:01
2024-01-18,560050,0.660338,0.672925,-0.012586,-0.012381,-0.000411,2025-06-29 17:13:01
2024-01-17,560050,0.661265,0.674026,-0.012761,-0.012329,-0.000863,2025-06-29 17:13:01
2024-01-16,560050,0.663739,0.675869,-0.012131,-0.012221,0.000182,2025-06-29 17:13:01
2024-01-15,560050,0.66471,0.676968,-0.012258,-0.012244,-2.8e-05,2025-06-29 17:13:01
2024-01-12,560050,0.666122,0.678282,-0.01216,-0.012241,0.000161,2025-06-29 17:13:01
2024-01-11,560050,0.667357,0.679507,-0.01215,-0.012261,0.000222,2025-06-29 17:13:01
2024-01-10,560050,0.668508,0.680692,-0.012183,-0.012289,0.00021,2025-06-29 17:13:01
2024-01-09,560050,0.670231,0.682149,-0.011918,-0.012315,0.000794,2025-06-29 17:13:01
2024-01-08,560050,0.671702,0.683473,-0.011771,-0.012414,0.001286,2025-06-29 17:13:01
2024-01-05,560050,0.673668,0.685024,-0.011356,-0.012575,0.002439,2025-06-29 17:13:01
2024-01-04,560050,0.674965,0.686236,-0.011271,-0.01288,0.003218,2025-06-29 17:13:01
2024-01-03,560050,0.675961,0.687301,-0.01134,-0.013282,0.003885,2025-06-29 17:13:01
2024-01-02,560050,0.676401,0.688106,-0.011705,-0.013768,0.004126,2025-06-29 17:13:01
2023-12-29,560050,0.676668,0.688849,-0.012181,-0.014283,0.004206,2025-06-29 17:13:01
2023-12-28,560050,0.675631,0.688999,-0.013367,-0.014809,0.002884,2025-06-29 17:13:01
2023-12-27,560050,0.67459,0.689209,-0.014619,-0.01517,0.001102,2025-06-29 17:13:01
2023-12-26,560050,0.675322,0.690325,-0.015003,-0.015307,0.000609,2025-06-29 17:13:01
2023-12-25,560050,0.676247,0.691553,-0.015306,-0.015383,0.000155,2025-06-29 17:13:01
2023-12-22,560050,0.67683,0.692635,-0.015805,-0.015403,-0.000803,2025-06-29 17:13:01
2023-12-21,560050,0.677811,0.693931,-0.01612,-0.015302,-0.001635,2025-06-29 17:13:01
2023-12-20,560050,0.679012,0.695349,-0.016336,-0.015098,-0.002476,2025-06-29 17:13:01
2023-12-19,560050,0.681125,0.697209,-0.016084,-0.014788,-0.002591,2025-06-29 17:13:01
2023-12-18,560050,0.683028,0.698957,-0.015929,-0.014465,-0.002929,2025-06-29 17:13:01
2023-12-15,560050,0.685253,0.700849,-0.015596,-0.014098,-0.002996,2025-06-29 17:13:01
2023-12-14,560050,0.687503,0.702736,-0.015233,-0.013724,-0.003018,2025-06-29 17:13:01
2023-12-13,560050,0.689893,0.70467,-0.014777,-0.013347,-0.002861,2025-06-29 17:13:01
2023-12-12,560050,0.692325,0.7066,-0.014275,-0.012989,-0.002571,2025-06-29 17:13:01
2023-12-11,560050,0.693583,0.707947,-0.014364,-0.012668,-0.003392,2025-06-29 17:13:01
2023-12-08,560050,0.695093,0.709418,-0.014325,-0.012244,-0.004163,2025-06-29 17:13:01
2023-12-07,560050,0.697214,0.711177,-0.013963,-0.011723,-0.004478,2025-06-29 17:13:01
2023-12-06,560050,0.699905,0.713186,-0.013281,-0.011164,-0.004236,2025-06-29 17:13:01
2023-12-05,560050,0.702894,0.715301,-0.012407,-0.010634,-0.003546,2025-06-29 17:13:01
2023-12-04,560050,0.706215,0.717527,-0.011312,-0.010191,-0.002242,2025-06-29 17:13:01
2023-12-01,560050,0.708351,0.719134,-0.010784,-0.009911,-0.001746,2025-06-29 17:13:01
2023-11-30,560050,0.710167,0.720562,-0.010395,-0.009693,-0.001405,2025-06-29 17:13:01
2023-11-29,560050,0.711741,0.721855,-0.010114,-0.009517,-0.001193,2025-06-29 17:13:01
2023-11-28,560050,0.713602,0.723268,-0.009667,-0.009368,-0.000598,2025-06-29 17:13:01
2023-11-27,560050,0.715113,0.724493,-0.00938,-0.009293,-0.000174,2025-06-29 17:13:01
2023-11-24,560050,0.716903,0.725835,-0.008932,-0.009271,0.000679,2025-06-29 17:13:01
2023-11-23,560050,0.718226,0.726931,-0.008706,-0.009356,0.001301,2025-06-29 17:13:01
2023-11-22,560050,0.719029,0.72777,-0.008741,-0.009519,0.001555,2025-06-29 17:13:01
2023-11-21,560050,0.720032,0.728705,-0.008673,-0.009713,0.00208,2025-06-29 17:13:01
2023-11-20,560050,0.720257,0.729269,-0.009011,-0.009973,0.001924,2025-06-29 17:13:01
2023-11-17,560050,0.720953,0.730072,-0.009119,-0.010214,0.002189,2025-06-29 17:13:01
2023-11-16,560050,0.721725,0.730918,-0.009193,-0.010487,0.002589,2025-06-29 17:13:01
2023-11-15,560050,0.722361,0.731703,-0.009342,-0.010811,0.002939,2025-06-29 17:13:01
2023-11-14,560050,0.722402,0.732214,-0.009812,-0.011178,0.002732,2025-06-29 17:13:01
2023-11-13,560050,0.723002,0.733015,-0.010013,-0.01152,0.003014,2025-06-29 17:13:01
2023-11-10,560050,0.723558,0.733805,-0.010247,-0.011897,0.003299,2025-06-29 17:13:01
2023-11-09,560050,0.724175,0.734637,-0.010462,-0.012309,0.003695,2025-06-29 17:13:01
2023-11-08,560050,0.724083,0.735144,-0.011061,-0.012771,0.003421,2025-06-29 17:13:01
2023-11-07,560050,0.724204,0.735783,-0.011579,-0.013199,0.003238,2025-06-29 17:13:01
2023-11-06,560050,0.723782,0.736193,-0.012411,-0.013603,0.002385,2025-06-29 17:13:01
2023-11-03,560050,0.723091,0.736519,-0.013428,-0.013901,0.000948,2025-06-29 17:13:01
2023-11-02,560050,0.723323,0.737335,-0.014012,-0.01402,1.6e-05,2025-06-29 17:13:01
2023-11-01,560050,0.724248,0.738511,-0.014263,-0.014022,-0.000482,2025-06-29 17:13:01
2023-10-31,560050,0.724942,0.73959,-0.014648,-0.013962,-0.001373,2025-06-29 17:13:01
2023-10-30,560050,0.725492,0.740622,-0.01513,-0.01379,-0.00268,2025-06-29 17:13:01
2023-10-27,560050,0.72588,0.741602,-0.015722,-0.013455,-0.004534,2025-06-29 17:13:01
2023-10-26,560050,0.726977,0.742949,-0.015972,-0.012888,-0.006167,2025-06-29 17:13:01
2023-10-25,560050,0.729197,0.744841,-0.015644,-0.012118,-0.007053,2025-06-29 17:13:01
2023-10-24,560050,0.732108,0.747043,-0.014936,-0.011236,-0.007399,2025-06-29 17:13:01
2023-10-23,560050,0.735786,0.749572,-0.013786,-0.010311,-0.006949,2025-06-29 17:13:01
2023-10-20,560050,0.739985,0.752286,-0.012301,-0.009442,-0.005718,2025-06-29 17:13:01
2023-10-19,560050,0.74365,0.75467,-0.01102,-0.008728,-0.004584,2025-06-29 17:13:01
2023-10-18,560050,0.746944,0.75681,-0.009866,-0.008155,-0.003422,2025-06-29 17:13:01
2023-10-17,560050,0.749049,0.758327,-0.009277,-0.007727,-0.003101,2025-06-29 17:13:01
2023-10-16,560050,0.750944,0.759712,-0.008769,-0.007339,-0.002858,2025-06-29 17:13:01
2023-10-13,560050,0.753271,0.761276,-0.008005,-0.006982,-0.002047,2025-06-29 17:13:01
2023-10-12,560050,0.754745,0.762396,-0.007651,-0.006726,-0.001849,2025-06-29 17:13:01
2023-10-11,560050,0.755384,0.763101,-0.007717,-0.006495,-0.002444,2025-06-29 17:13:01
2023-10-10,560050,0.75676,0.764159,-0.007399,-0.00619,-0.002419,2025-06-29 17:13:01
2023-10-09,560050,0.758511,0.765378,-0.006867,-0.005887,-0.00196,2025-06-29 17:13:01
2023-09-28,560050,0.760012,0.76645,-0.006438,-0.005642,-0.001592,2025-06-29 17:13:01
2023-09-27,560050,0.761235,0.767369,-0.006133,-0.005443,-0.00138,2025-06-29 17:13:01
2023-09-26,560050,0.761928,0.76802,-0.006091,-0.005271,-0.001642,2025-06-29 17:13:01
2023-09-25,560050,0.763031,0.768863,-0.005831,-0.005065,-0.001532,2025-06-29 17:13:01
2023-09-22,560050,0.763701,0.769487,-0.005786,-0.004874,-0.001824,2025-06-29 17:13:01
2023-09-21,560050,0.763668,0.769776,-0.006108,-0.004646,-0.002924,2025-06-29 17:13:01
2023-09-20,560050,0.76552,0.770975,-0.005454,-0.00428,-0.002348,2025-06-29 17:13:01
2023-09-19,560050,0.766689,0.771815,-0.005126,-0.003987,-0.002279,2025-06-29 17:13:01
2023-09-18,560050,0.767543,0.77249,-0.004946,-0.003702,-0.002489,2025-06-29 17:13:01
2023-09-15,560050,0.768493,0.7732,-0.004707,-0.003391,-0.002633,2025-06-29 17:13:01
2023-09-14,560050,0.770103,0.77421,-0.004107,-0.003062,-0.002091,2025-06-29 17:13:01
2023-09-13,560050,0.771337,0.775011,-0.003674,-0.0028,-0.001748,2025-06-29 17:13:01
2023-09-12,560050,0.772596,0.775801,-0.003205,-0.002582,-0.001246,2025-06-29 17:13:01
2023-09-11,560050,0.77344,0.776369,-0.002929,-0.002426,-0.001006,2025-06-29 17:13:01
2023-09-08,560050,0.774045,0.77681,-0.002765,-0.0023,-0.00093,2025-06-29 17:13:01
2023-09-07,560050,0.775494,0.777642,-0.002148,-0.002184,7.3e-05,2025-06-29 17:13:01
2023-09-06,560050,0.776438,0.778202,-0.001764,-0.002193,0.000858,2025-06-29 17:13:01
2023-09-05,560050,0.776153,0.77816,-0.002007,-0.0023,0.000587,2025-06-29 17:13:01
2023-09-04,560050,0.775504,0.777958,-0.002454,-0.002374,-0.000161,2025-06-29 17:13:01
2023-09-01,560050,0.774226,0.777482,-0.003256,-0.002354,-0.001804,2025-06-29 17:13:01
2023-08-31,560050,0.774029,0.77756,-0.003531,-0.002128,-0.002805,2025-06-29 17:13:01
2023-08-30,560050,0.774143,0.7778,-0.003657,-0.001777,-0.003758,2025-06-29 17:13:01
2023-08-29,560050,0.774159,0.778,-0.003841,-0.001308,-0.005066,2025-06-29 17:13:01
2023-08-28,560050,0.774288,0.778263,-0.003975,-0.000674,-0.006601,2025-06-29 17:13:01
2023-08-25,560050,0.775098,0.778856,-0.003758,0.000151,-0.007817,2025-06-29 17:13:01
2023-08-24,560050,0.776998,0.779954,-0.002956,0.001128,-0.008167,2025-06-29 17:13:01
2023-08-23,560050,0.778998,0.781056,-0.002059,0.002149,-0.008415,2025-06-29 17:13:01
2023-08-22,560050,0.781997,0.782586,-0.000588,0.003201,-0.007578,2025-06-29 17:13:01
2023-08-21,560050,0.784108,0.783617,0.000492,0.004148,-0.007313,2025-06-29 17:13:01
2023-08-18,560050,0.787231,0.78507,0.002161,0.005062,-0.005802,2025-06-29 17:13:01
2023-08-17,560050,0.789479,0.786021,0.003458,0.005787,-0.004658,2025-06-29 17:13:01
2023-08-16,560050,0.790866,0.786496,0.00437,0.006369,-0.003999,2025-06-29 17:13:01
2023-08-15,560050,0.792851,0.787206,0.005645,0.006869,-0.002449,2025-06-29 17:13:01
2023-08-14,560050,0.79439,0.787638,0.006752,0.007176,-0.000848,2025-06-29 17:13:01
2023-08-11,560050,0.7961,0.788093,0.008007,0.007281,0.001451,2025-06-29 17:13:01
2023-08-10,560050,0.796889,0.788045,0.008844,0.0071,0.003487,2025-06-29 17:13:01
2023-08-09,560050,0.795987,0.787153,0.008835,0.006664,0.004341,2025-06-29 17:13:01
2023-08-08,560050,0.794764,0.786108,0.008656,0.006122,0.005068,2025-06-29 17:13:01
2023-08-07,560050,0.793404,0.785008,0.008396,0.005488,0.005815,2025-06-29 17:13:01
2023-08-04,560050,0.791782,0.783798,0.007984,0.004761,0.006446,2025-06-29 17:13:01
2023-08-03,560050,0.789536,0.782314,0.007222,0.003955,0.006533,2025-06-29 17:13:01
2023-08-02,560050,0.787262,0.780857,0.006405,0.003139,0.006533,2025-06-29 17:13:01
2023-08-01,560050,0.785625,0.779744,0.005881,0.002322,0.007117,2025-06-29 17:13:01
2023-07-31,560050,0.783139,0.778257,0.004882,0.001432,0.006899,2025-06-29 17:13:01
2023-07-28,560050,0.779821,0.776428,0.003392,0.00057,0.005644,2025-06-29 17:13:01
2023-07-27,560050,0.776801,0.774819,0.001981,-0.000136,0.004234,2025-06-29 17:13:01
2023-07-26,560050,0.775334,0.77402,0.001314,-0.000665,0.003957,2025-06-29 17:13:01
2023-07-25,560050,0.773594,0.773127,0.000467,-0.001159,0.003252,2025-06-29 17:13:01
2023-07-24,560050,0.771548,0.772133,-0.000585,-0.001566,0.001962,2025-06-29 17:13:01
2023-07-21,560050,0.771832,0.772298,-0.000467,-0.001811,0.002689,2025-06-29 17:13:01
2023-07-20,560050,0.771591,0.772209,-0.000618,-0.002147,0.003058,2025-06-29 17:13:01
2023-07-19,560050,0.771434,0.772167,-0.000733,-0.002529,0.003593,2025-06-29 17:13:01
2023-07-18,560050,0.770927,0.771965,-0.001039,-0.002978,0.003879,2025-06-29 17:13:01
2023-07-17,560050,0.770474,0.771806,-0.001332,-0.003463,0.004264,2025-06-29 17:13:01
2023-07-14,560050,0.769749,0.771532,-0.001783,-0.003996,0.004426,2025-06-29 17:13:01
2023-07-13,560050,0.768165,0.770876,-0.002711,-0.00455,0.003678,2025-06-29 17:13:01
2023-07-12,560050,0.766406,0.770185,-0.003779,-0.005009,0.00246,2025-06-29 17:13:01
2023-07-11,560050,0.765896,0.770143,-0.004247,-0.005317,0.00214,2025-06-29 17:13:01
2023-07-10,560050,0.76544,0.77015,-0.00471,-0.005584,0.001748,2025-06-29 17:13:01
2023-07-07,560050,0.765488,0.770421,-0.004933,-0.005803,0.00174,2025-06-29 17:13:01
2023-07-06,560050,0.766321,0.771075,-0.004754,-0.00602,0.002532,2025-06-29 17:13:01
2023-07-05,560050,0.766912,0.771605,-0.004693,-0.006337,0.003287,2025-06-29 17:13:01
2023-07-04,560050,0.766791,0.771795,-0.005004,-0.006748,0.003488,2025-06-29 17:13:01
2023-07-03,560050,0.76599,0.771679,-0.005689,-0.007184,0.002989,2025-06-29 17:13:01
2023-06-30,560050,0.7651,0.771557,-0.006457,-0.007557,0.002201,2025-06-29 17:13:01
2023-06-29,560050,0.765444,0.77206,-0.006615,-0.007833,0.002434,2025-06-29 17:13:01
2023-06-28,560050,0.766271,0.7728,-0.006528,-0.008137,0.003217,2025-06-29 17:13:01
2023-06-27,560050,0.766413,0.77321,-0.006798,-0.008539,0.003483,2025-06-29 17:13:01
2023-06-26,560050,0.766681,0.773695,-0.007014,-0.008974,0.00392,2025-06-29 17:13:01
2023-06-21,560050,0.767645,0.774521,-0.006876,-0.009464,0.005177,2025-06-29 17:13:01
2023-06-20,560050,0.767828,0.774969,-0.007141,-0.010112,0.00594,2025-06-29 17:13:01
2023-06-19,560050,0.767142,0.77502,-0.007878,-0.010854,0.005952,2025-06-29 17:13:01
2023-06-16,560050,0.766047,0.774916,-0.008869,-0.011598,0.005457,2025-06-29 17:13:01
2023-06-15,560050,0.763941,0.774385,-0.010445,-0.01228,0.003671,2025-06-29 17:13:01
2023-06-14,560050,0.762379,0.774195,-0.011816,-0.012739,0.001845,2025-06-29 17:13:01
2023-06-13,560050,0.762199,0.774732,-0.012533,-0.01297,0.000873,2025-06-29 17:13:01
2023-06-12,560050,0.762221,0.775402,-0.013181,-0.013079,-0.000204,2025-06-29 17:13:01
2023-06-09,560050,0.76269,0.776318,-0.013628,-0.013053,-0.001149,2025-06-29 17:13:01
2023-06-08,560050,0.763322,0.777334,-0.014013,-0.01291,-0.002206,2025-06-29 17:13:01
2023-06-07,560050,0.76458,0.778668,-0.014088,-0.012634,-0.002908,2025-06-29 17:13:01
2023-06-06,560050,0.766644,0.780387,-0.013743,-0.012271,-0.002945,2025-06-29 17:13:01
2023-06-05,560050,0.768383,0.781934,-0.013551,-0.011903,-0.003298,2025-06-29 17:13:01
2023-06-02,560050,0.769758,0.783299,-0.01354,-0.01149,-0.0041,2025-06-29 17:13:01
2023-06-01,560050,0.770732,0.784472,-0.013741,-0.010978,-0.005526,2025-06-29 17:13:01
2023-05-31,560050,0.773257,0.786392,-0.013135,-0.010287,-0.005696,2025-06-29 17:13:01
2023-05-30,560050,0.776841,0.788781,-0.01194,-0.009575,-0.004729,2025-06-29 17:13:01
2023-05-29,560050,0.77949,0.790664,-0.011174,-0.008984,-0.00438,2025-06-29 17:13:01
2023-05-26,560050,0.782212,0.792541,-0.01033,-0.008436,-0.003787,2025-06-29 17:13:01
2023-05-25,560050,0.784568,0.794201,-0.009633,-0.007963,-0.00334,2025-06-29 17:13:01
2023-05-24,560050,0.787076,0.795896,-0.00882,-0.007546,-0.002549,2025-06-29 17:13:01
2023-05-23,560050,0.789418,0.79747,-0.008052,-0.007227,-0.00165,2025-06-29 17:13:01
2023-05-22,560050,0.791131,0.798705,-0.007574,-0.007021,-0.001107,2025-06-29 17:13:01
2023-05-19,560050,0.791701,0.799374,-0.007673,-0.006882,-0.001581,2025-06-29 17:13:01
2023-05-18,560050,0.793001,0.800393,-0.007392,-0.006685,-0.001415,2025-06-29 17:13:01
2023-05-17,560050,0.794446,0.801467,-0.007021,-0.006508,-0.001026,2025-06-29 17:13:01
2023-05-16,560050,0.795606,0.802386,-0.00678,-0.00638,-0.0008,2025-06-29 17:13:01
2023-05-15,560050,0.796229,0.803038,-0.006809,-0.00628,-0.001058,2025-06-29 17:13:01
2023-05-12,560050,0.79681,0.803671,-0.006861,-0.006148,-0.001427,2025-06-29 17:13:01
2023-05-11,560050,0.798789,0.80497,-0.006181,-0.005969,-0.000423,2025-06-29 17:13:01
2023-05-10,560050,0.799543,0.805653,-0.006109,-0.005916,-0.000386,2025-06-29 17:13:01
2023-05-09,560050,0.800382,0.806371,-0.00599,-0.005868,-0.000243,2025-06-29 17:13:01
2023-05-08,560050,0.800757,0.806864,-0.006107,-0.005838,-0.000539,2025-06-29 17:13:01
2023-05-05,560050,0.800842,0.807226,-0.006384,-0.00577,-0.001228,2025-06-29 17:13:01
2023-05-04,560050,0.801602,0.807922,-0.00632,-0.005617,-0.001407,2025-06-29 17:13:01
2023-04-28,560050,0.802113,0.808497,-0.006384,-0.005441,-0.001886,2025-06-29 17:13:01
2023-04-27,560050,0.802681,0.809102,-0.006421,-0.005205,-0.002431,2025-06-29 17:13:01
2023-04-26,560050,0.803535,0.809844,-0.006309,-0.004901,-0.002816,2025-06-29 17:13:01
2023-04-25,560050,0.805372,0.811046,-0.005674,-0.004549,-0.00225,2025-06-29 17:13:01
2023-04-24,560050,0.807746,0.81247,-0.004723,-0.004268,-0.000911,2025-06-29 17:13:01
2023-04-21,560050,0.810496,0.814021,-0.003525,-0.004154,0.001259,2025-06-29 17:13:01
2023-04-20,560050,0.811996,0.814917,-0.002921,-0.004311,0.002781,2025-06-29 17:13:01
2023-04-19,560050,0.812551,0.815333,-0.002783,-0.004659,0.003753,2025-06-29 17:13:01
2023-04-18,560050,0.812056,0.815245,-0.003189,-0.005128,0.003878,2025-06-29 17:13:01
2023-04-17,560050,0.810618,0.814732,-0.004114,-0.005613,0.002997,2025-06-29 17:13:01
2023-04-14,560050,0.809242,0.814297,-0.005055,-0.005987,0.001866,2025-06-29 17:13:01
2023-04-13,560050,0.809158,0.814523,-0.005365,-0.006221,0.001711,2025-06-29 17:13:01
2023-04-12,560050,0.809509,0.814972,-0.005463,-0.006435,0.001944,2025-06-29 17:13:01
2023-04-11,560050,0.809899,0.815444,-0.005545,-0.006678,0.002265,2025-06-29 17:13:01
2023-04-10,560050,0.809888,0.81573,-0.005843,-0.006961,0.002236,2025-06-29 17:13:01
2023-04-07,560050,0.809653,0.815927,-0.006274,-0.00724,0.001933,2025-06-29 17:13:01
2023-04-06,560050,0.809503,0.816186,-0.006683,-0.007482,0.001598,2025-06-29 17:13:01
2023-04-04,560050,0.809781,0.816669,-0.006888,-0.007682,0.001587,2025-06-29 17:13:01
2023-04-03,560050,0.809868,0.817073,-0.007205,-0.00788,0.00135,2025-06-29 17:13:01
2023-03-31,560050,0.809742,0.817393,-0.00765,-0.008049,0.000796,2025-06-29 17:13:01
2023-03-30,560050,0.80938,0.817624,-0.008244,-0.008148,-0.000191,2025-06-29 17:13:01
2023-03-29,560050,0.808978,0.817867,-0.008889,-0.008124,-0.00153,2025-06-29 17:13:01
2023-03-28,560050,0.809642,0.81865,-0.009007,-0.007933,-0.002149,2025-06-29 17:13:01
2023-03-27,560050,0.810603,0.819579,-0.008976,-0.007664,-0.002623,2025-06-29 17:13:01
2023-03-24,560050,0.811559,0.820504,-0.008945,-0.007336,-0.003218,2025-06-29 17:13:01
2023-03-23,560050,0.812176,0.821267,-0.009091,-0.006934,-0.004314,2025-06-29 17:13:01
2023-03-22,560050,0.812529,0.821913,-0.009384,-0.006395,-0.005978,2025-06-29 17:13:01
2023-03-21,560050,0.813699,0.822961,-0.009262,-0.005648,-0.007229,2025-06-29 17:13:01
2023-03-20,560050,0.815221,0.82417,-0.008948,-0.004744,-0.008409,2025-06-29 17:13:01
2023-03-17,560050,0.818135,0.826021,-0.007886,-0.003693,-0.008386,2025-06-29 17:13:01
2023-03-16,560050,0.820927,0.827758,-0.006831,-0.002645,-0.008373,2025-06-29 17:13:01
2023-03-15,560050,0.82403,0.829588,-0.005558,-0.001598,-0.007919,2025-06-29 17:13:01
2023-03-14,560050,0.826367,0.830987,-0.00462,-0.000608,-0.008024,2025-06-29 17:13:01
2023-03-13,560050,0.828741,0.832355,-0.003614,0.000395,-0.008017,2025-06-29 17:13:01
2023-03-10,560050,0.830823,0.833532,-0.002708,0.001397,-0.00821,2025-06-29 17:13:01
2023-03-09,560050,0.834137,0.835244,-0.001107,0.002423,-0.007059,2025-06-29 17:13:01
2023-03-08,560050,0.836708,0.83652,0.000188,0.003306,-0.006235,2025-06-29 17:13:01
2023-03-07,560050,0.839009,0.8376,0.001409,0.004085,-0.005352,2025-06-29 17:13:01
2023-03-06,560050,0.840677,0.838315,0.002361,0.004754,-0.004786,2025-06-29 17:13:01
2023-03-03,560050,0.841418,0.838543,0.002876,0.005352,-0.004953,2025-06-29 17:13:01
2023-03-02,560050,0.841798,0.838571,0.003227,0.005971,-0.005488,2025-06-29 17:13:01
2023-03-01,560050,0.84222,0.838601,0.003619,0.006657,-0.006077,2025-06-29 17:13:01
2023-02-28,560050,0.842467,0.838528,0.003939,0.007417,-0.006955,2025-06-29 17:13:01
2023-02-27,560050,0.843741,0.838924,0.004817,0.008286,-0.006938,2025-06-29 17:13:01
2023-02-24,560050,0.845601,0.839551,0.00605,0.009154,-0.006208,2025-06-29 17:13:01
2023-02-23,560050,0.847223,0.840001,0.007222,0.00993,-0.005415,2025-06-29 17:13:01
2023-02-22,560050,0.847804,0.839896,0.007908,0.010606,-0.005398,2025-06-29 17:13:01
2023-02-21,560050,0.848671,0.839891,0.00878,0.011281,-0.005002,2025-06-29 17:13:01
2023-02-20,560050,0.848301,0.839253,0.009048,0.011906,-0.005718,2025-06-29 17:13:01
2023-02-17,560050,0.848223,0.83874,0.009483,0.012621,-0.006276,2025-06-29 17:13:01
2023-02-16,560050,0.850137,0.839148,0.010989,0.013406,-0.004833,2025-06-29 17:13:01
2023-02-15,560050,0.850708,0.83884,0.011868,0.01401,-0.004283,2025-06-29 17:13:01
2023-02-14,560050,0.851009,0.838358,0.012651,0.014545,-0.003788,2025-06-29 17:13:01
2023-02-13,560050,0.850565,0.837482,0.013083,0.015019,-0.003871,2025-06-29 17:13:01
2023-02-10,560050,0.850073,0.83656,0.013513,0.015503,-0.00398,2025-06-29 17:13:01
2023-02-09,560050,0.850525,0.836063,0.014462,0.016,-0.003076,2025-06-29 17:13:01
2023-02-08,560050,0.85025,0.835172,0.015078,0.016384,-0.002612,2025-06-29 17:13:01
2023-02-07,560050,0.851167,0.834812,0.016355,0.016711,-0.000713,2025-06-29 17:13:01
2023-02-06,560050,0.851519,0.834118,0.017401,0.0168,0.001201,2025-06-29 17:13:01
2023-02-03,560050,0.852132,0.833493,0.018639,0.01665,0.003978,2025-06-29 17:13:01
2023-02-02,560050,0.851146,0.832045,0.019101,0.016153,0.005897,2025-06-29 17:13:01
2023-02-01,560050,0.848607,0.829837,0.01877,0.015416,0.006709,2025-06-29 17:13:01
2023-01-31,560050,0.845675,0.82746,0.018215,0.014577,0.007276,2025-06-29 17:13:01
2023-01-30,560050,0.843083,0.825273,0.017809,0.013667,0.008284,2025-06-29 17:13:01
2023-01-20,560050,0.838981,0.822393,0.016588,0.012632,0.007912,2025-06-29 17:13:01
2023-01-19,560050,0.835534,0.819887,0.015647,0.011643,0.008008,2025-06-29 17:13:01
2023-01-18,560050,0.832149,0.81746,0.014689,0.010642,0.008094,2025-06-29 17:13:01
2023-01-17,560050,0.829055,0.815222,0.013833,0.00963,0.008406,2025-06-29 17:13:01
2023-01-16,560050,0.825172,0.812654,0.012518,0.00858,0.007876,2025-06-29 17:13:01
2023-01-13,560050,0.820747,0.809899,0.010847,0.007595,0.006505,2025-06-29 17:13:01
2023-01-12,560050,0.817052,0.807578,0.009474,0.006782,0.005383,2025-06-29 17:13:01
2023-01-11,560050,0.814391,0.805819,0.008572,0.006109,0.004925,2025-06-29 17:13:01
2023-01-10,560050,0.811879,0.804178,0.007701,0.005493,0.004415,2025-06-29 17:13:01
2023-01-09,560050,0.809087,0.802451,0.006637,0.004941,0.003391,2025-06-29 17:13:01
2023-01-06,560050,0.806208,0.800737,0.005471,0.004518,0.001907,2025-06-29 17:13:01
2023-01-05,560050,0.803898,0.799355,0.004543,0.004279,0.000527,2025-06-29 17:13:01
2023-01-04,560050,0.801887,0.798163,0.003723,0.004213,-0.00098,2025-06-29 17:13:01
2023-01-03,560050,0.801985,0.798014,0.003971,0.004336,-0.000729,2025-06-29 17:13:01
2022-12-30,560050,0.801762,0.797699,0.004063,0.004427,-0.000729,2025-06-29 17:13:01
2022-12-29,560050,0.801513,0.797367,0.004145,0.004518,-0.000745,2025-06-29 17:13:01
2022-12-28,560050,0.80157,0.797176,0.004394,0.004611,-0.000435,2025-06-29 17:13:01
2022-12-27,560050,0.800966,0.796659,0.004307,0.004666,-0.000717,2025-06-29 17:13:01
2022-12-26,560050,0.800074,0.79601,0.004064,0.004755,-0.001382,2025-06-29 17:13:01
2022-12-23,560050,0.800415,0.795957,0.004458,0.004928,-0.00094,2025-06-29 17:13:01
2022-12-22,560050,0.801017,0.796008,0.005009,0.005046,-7.3e-05,2025-06-29 17:13:01
2022-12-21,560050,0.801352,0.795903,0.005449,0.005055,0.000789,2025-06-29 17:13:01
2022-12-20,560050,0.802169,0.796003,0.006166,0.004956,0.00242,2025-06-29 17:13:01
2022-12-19,560050,0.803188,0.796161,0.007027,0.004653,0.004747,2025-06-29 17:13:01
2022-12-16,560050,0.802764,0.795591,0.007174,0.00406,0.006227,2025-06-29 17:13:01
2022-12-15,560050,0.801294,0.794517,0.006777,0.003282,0.006991,2025-06-29 17:13:01
2022-12-14,560050,0.799771,0.793439,0.006332,0.002408,0.007849,2025-06-29 17:13:01
2022-12-13,560050,0.798079,0.792304,0.005775,0.001427,0.008697,2025-06-29 17:13:01
2022-12-12,560050,0.796532,0.791267,0.005265,0.00034,0.00985,2025-06-29 17:13:01
2022-12-09,560050,0.79448,0.790018,0.004462,-0.000892,0.010707,2025-06-29 17:13:01
2022-12-08,560050,0.790978,0.788124,0.002854,-0.00223,0.010167,2025-06-29 17:13:01
2022-12-07,560050,0.787975,0.786552,0.001423,-0.003501,0.009849,2025-06-29 17:13:01
2022-12-06,560050,0.784972,0.785055,-8.2e-05,-0.004732,0.0093,2025-06-29 17:13:01
2022-12-05,560050,0.781858,0.783584,-0.001725,-0.005895,0.008338,2025-06-29 17:13:01
2022-12-02,560050,0.779065,0.782351,-0.003286,-0.006937,0.007301,2025-06-29 17:13:01
2022-12-01,560050,0.777183,0.781633,-0.00445,-0.00785,0.006799,2025-06-29 17:13:01
2022-11-30,560050,0.774537,0.780614,-0.006077,-0.008699,0.005245,2025-06-29 17:13:01
2022-11-29,560050,0.773152,0.780277,-0.007125,-0.009355,0.004459,2025-06-29 17:13:01
2022-11-28,560050,0.771724,0.779976,-0.008252,-0.009913,0.003321,2025-06-29 17:13:01
2022-11-25,560050,0.772694,0.78087,-0.008176,-0.010328,0.004304,2025-06-29 17:13:01
2022-11-24,560050,0.772771,0.781337,-0.008566,-0.010866,0.0046,2025-06-29 17:13:01
2022-11-23,560050,0.773412,0.782091,-0.008679,-0.011441,0.005523,2025-06-29 17:13:01
2022-11-22,560050,0.773791,0.782728,-0.008936,-0.012131,0.00639,2025-06-29 17:13:01
2022-11-21,560050,0.774212,0.783397,-0.009185,-0.01293,0.00749,2025-06-29 17:13:01
2022-11-18,560050,0.774458,0.783997,-0.009539,-0.013866,0.008654,2025-06-29 17:13:01
2022-11-17,560050,0.773843,0.784208,-0.010365,-0.014948,0.009165,2025-06-29 17:13:01
2022-11-16,560050,0.77327,0.784482,-0.011212,-0.016093,0.009762,2025-06-29 17:13:01
2022-11-15,560050,0.771633,0.784297,-0.012664,-0.017314,0.0093,2025-06-29 17:13:01
2022-11-14,560050,0.769036,0.783733,-0.014697,-0.018476,0.007559,2025-06-29 17:13:01
2022-11-11,560050,0.767707,0.783877,-0.01617,-0.019421,0.006502,2025-06-29 17:13:01
2022-11-10,560050,0.766119,0.783976,-0.017857,-0.020234,0.004754,2025-06-29 17:13:01
2022-11-09,560050,0.767243,0.785448,-0.018205,-0.020828,0.005246,2025-06-29 17:13:01
2022-11-08,560050,0.767493,0.786524,-0.019032,-0.021484,0.004904,2025-06-29 17:13:01
2022-11-07,560050,0.766881,0.787236,-0.020356,-0.022097,0.003483,2025-06-29 17:13:01
2022-11-04,560050,0.765423,0.787617,-0.022194,-0.022532,0.000676,2025-06-29 17:13:01
2022-11-03,560050,0.764248,0.788229,-0.023981,-0.022617,-0.002728,2025-06-29 17:13:01
2022-11-02,560050,0.766164,0.790399,-0.024234,-0.022276,-0.003917,2025-06-29 17:13:01
2022-11-01,560050,0.767183,0.792156,-0.024974,-0.021786,-0.006375,2025-06-29 17:13:01
2022-10-31,560050,0.769425,0.794533,-0.025108,-0.020989,-0.008237,2025-06-29 17:13:01
2022-10-28,560050,0.77525,0.798614,-0.023364,-0.01996,-0.006808,2025-06-29 17:13:01
2022-10-27,560050,0.780722,0.802435,-0.021713,-0.019109,-0.005209,2025-06-29 17:13:01
2022-10-26,560050,0.784803,0.805511,-0.020708,-0.018458,-0.004502,2025-06-29 17:13:01
2022-10-25,560050,0.788336,0.808275,-0.019939,-0.017895,-0.004088,2025-06-29 17:13:01
2022-10-24,560050,0.792707,0.811394,-0.018688,-0.017384,-0.002608,2025-06-29 17:13:01
2022-10-21,560050,0.797452,0.814626,-0.017174,-0.017058,-0.000232,2025-06-29 17:13:01
2022-10-20,560050,0.799947,0.816711,-0.016765,-0.017029,0.000529,2025-06-29 17:13:01
2022-10-19,560050,0.802163,0.818643,-0.01648,-0.017095,0.001229,2025-06-29 17:13:01
2022-10-18,560050,0.803959,0.820362,-0.016403,-0.017249,0.001692,2025-06-29 17:13:01
2022-10-17,560050,0.804399,0.821433,-0.017034,-0.01746,0.000852,2025-06-29 17:13:01
2022-10-14,560050,0.804554,0.822403,-0.017849,-0.017567,-0.000565,2025-06-29 17:13:01
2022-10-13,560050,0.804171,0.823161,-0.01899,-0.017496,-0.002988,2025-06-29 17:13:01
2022-10-12,560050,0.806413,0.825223,-0.01881,-0.017123,-0.003375,2025-06-29 17:13:01
2022-10-11,560050,0.807792,0.826866,-0.019074,-0.016701,-0.004747,2025-06-29 17:13:01
2022-10-10,560050,0.81088,0.829333,-0.018453,-0.016107,-0.004691,2025-06-29 17:13:01
2022-09-30,560050,0.814866,0.832192,-0.017326,-0.015521,-0.003609,2025-06-29 17:13:01
2022-09-29,560050,0.817074,0.83415,-0.017076,-0.01507,-0.004012,2025-06-29 17:13:01
2022-09-28,560050,0.819193,0.836052,-0.016859,-0.014568,-0.004581,2025-06-29 17:13:01
2022-09-27,560050,0.82177,0.83816,-0.01639,-0.013996,-0.004789,2025-06-29 17:13:01
2022-09-26,560050,0.823522,0.839853,-0.01633,-0.013397,-0.005866,2025-06-29 17:13:01
2022-09-23,560050,0.826469,0.842108,-0.015639,-0.012664,-0.00595,2025-06-29 17:13:01
2022-09-22,560050,0.829633,0.84443,-0.014797,-0.01192,-0.005754,2025-06-29 17:13:01
2022-09-21,560050,0.833147,0.846873,-0.013726,-0.011201,-0.00505,2025-06-29 17:13:01
2022-09-20,560050,0.836386,0.84913,-0.012744,-0.01057,-0.004349,2025-06-29 17:13:01
2022-09-19,560050,0.838873,0.850979,-0.012106,-0.010026,-0.004159,2025-06-29 17:13:01
2022-09-16,560050,0.84197,0.853083,-0.011113,-0.009506,-0.003213,2025-06-29 17:13:01
2022-09-15,560050,0.8453,0.855245,-0.009945,-0.009104,-0.001681,2025-06-29 17:13:01
2022-09-14,560050,0.847334,0.856732,-0.009398,-0.008894,-0.001008,2025-06-29 17:13:01
2022-09-13,560050,0.848482,0.85777,-0.009288,-0.008768,-0.00104,2025-06-29 17:13:01
2022-09-09,560050,0.848424,0.858232,-0.009808,-0.008638,-0.002339,2025-06-29 17:13:01
2022-09-08,560050,0.848583,0.858823,-0.01024,-0.008346,-0.003789,2025-06-29 17:13:01
2022-09-07,560050,0.850203,0.86013,-0.009927,-0.007872,-0.004109,2025-06-29 17:13:01
2022-09-06,560050,0.851781,0.8614,-0.009619,-0.007359,-0.00452,2025-06-29 17:13:01
2022-09-05,560050,0.853646,0.862789,-0.009143,-0.006794,-0.004699,2025-06-29 17:13:01
2022-09-02,560050,0.856162,0.864462,-0.0083,-0.006206,-0.004188,2025-06-29 17:13:01
2022-09-01,560050,0.858847,0.866171,-0.007324,-0.005683,-0.003283,2025-06-29 17:13:01
2022-08-31,560050,0.861163,0.867653,-0.006491,-0.005272,-0.002436,2025-06-29 17:13:01
2022-08-30,560050,0.862514,0.868635,-0.006121,-0.004968,-0.002306,2025-06-29 17:13:01
2022-08-29,560050,0.864349,0.869827,-0.005477,-0.00468,-0.001596,2025-06-29 17:13:01
2022-08-26,560050,0.865832,0.870817,-0.004985,-0.00448,-0.00101,2025-06-29 17:13:01
2022-08-25,560050,0.86648,0.871387,-0.004906,-0.004354,-0.001105,2025-06-29 17:13:01
2022-08-24,560050,0.8672,0.871986,-0.004786,-0.004216,-0.00114,2025-06-29 17:13:01
2022-08-23,560050,0.869001,0.873091,-0.00409,-0.004073,-3.3e-05,2025-06-29 17:13:01
2022-08-22,560050,0.869334,0.873464,-0.00413,-0.004069,-0.000121,2025-06-29 17:13:01
2022-08-19,560050,0.869482,0.873751,-0.004269,-0.004054,-0.00043,2025-06-29 17:13:01
2022-08-18,560050,0.870202,0.874317,-0.004115,-0.004,-0.000229,2025-06-29 17:13:01
2022-08-17,560050,0.870225,0.874544,-0.00432,-0.003972,-0.000696,2025-06-29 17:13:01
2022-08-16,560050,0.86925,0.87431,-0.00506,-0.003885,-0.002351,2025-06-29 17:13:01
2022-08-15,560050,0.869611,0.874747,-0.005136,-0.003591,-0.003091,2025-06-29 17:13:01
2022-08-12,560050,0.869568,0.874997,-0.005429,-0.003204,-0.00445,2025-06-29 17:13:01
2022-08-11,560050,0.86952,0.87526,-0.00574,-0.002648,-0.006185,2025-06-29 17:13:01
2022-08-10,560050,0.8698,0.875695,-0.005895,-0.001875,-0.008041,2025-06-29 17:13:01
2022-08-09,560050,0.872222,0.877152,-0.004931,-0.00087,-0.008122,2025-06-29 17:13:01
2022-08-08,560050,0.873691,0.878108,-0.004417,0.000145,-0.009125,2025-06-29 17:13:01
2022-08-05,560050,0.875657,0.879271,-0.003615,0.001286,-0.009802,2025-06-29 17:13:01
2022-08-04,560050,0.877285,0.880233,-0.002948,0.002511,-0.010918,2025-06-29 17:13:01
2022-08-03,560050,0.880095,0.881719,-0.001624,0.003876,-0.011001,2025-06-29 17:13:01
2022-08-02,560050,0.883994,0.883652,0.000342,0.005251,-0.009817,2025-06-29 17:13:01
2022-08-01,560050,0.886993,0.885054,0.001939,0.006478,-0.009078,2025-06-29 17:13:01
2022-07-29,560050,0.888659,0.885741,0.002918,0.007613,-0.00939,2025-06-29 17:13:01
2022-07-28,560050,0.891177,0.88678,0.004396,0.008787,-0.008781,2025-06-29 17:13:01
2022-07-27,560050,0.892641,0.887243,0.005398,0.009884,-0.008972,2025-06-29 17:13:01
2022-07-26,560050,0.894379,0.887782,0.006597,0.011006,-0.008817,2025-06-29 17:13:01
2022-07-25,560050,0.89531,0.887875,0.007434,0.012108,-0.009347,2025-06-29 17:13:01
2022-07-22,560050,0.897011,0.88829,0.008721,0.013276,-0.00911,2025-06-29 17:13:01
2022-07-21,560050,0.898568,0.888568,0.009999,0.014415,-0.008831,2025-06-29 17:13:01
2022-07-20,560050,0.900631,0.889019,0.011612,0.015519,-0.007815,2025-06-29 17:13:01
2022-07-19,560050,0.901701,0.888915,0.012786,0.016496,-0.00742,2025-06-29 17:13:01
2022-07-18,560050,0.90289,0.888805,0.014085,0.017423,-0.006678,2025-06-29 17:13:01
2022-07-15,560050,0.903211,0.888216,0.014995,0.018258,-0.006526,2025-06-29 17:13:01
2022-07-14,560050,0.904679,0.888122,0.016557,0.019074,-0.005034,2025-06-29 17:13:01
2022-07-13,560050,0.904977,0.887392,0.017585,0.019703,-0.004237,2025-06-29 17:13:01
2022-07-12,560050,0.905641,0.886781,0.01886,0.020233,-0.002746,2025-06-29 17:13:01
2022-07-11,560050,0.907045,0.886454,0.020592,0.020576,3.1e-05,2025-06-29 17:13:01
2022-07-08,560050,0.907495,0.885583,0.021912,0.020572,0.00268,2025-06-29 17:13:01
2022-07-07,560050,0.906105,0.883771,0.022334,0.020237,0.004194,2025-06-29 17:13:01
2022-07-06,560050,0.90445,0.881812,0.022638,0.019713,0.005851,2025-06-29 17:13:01
2022-07-05,560050,0.903056,0.87996,0.023096,0.018982,0.008229,2025-06-29 17:13:01
2022-07-04,560050,0.899951,0.877273,0.022677,0.017953,0.009449,2025-06-29 17:13:01
2022-07-01,560050,0.89639,0.874393,0.021997,0.016772,0.010449,2025-06-29 17:13:01
2022-06-30,560050,0.892433,0.871361,0.021072,0.015466,0.011212,2025-06-29 17:13:01
2022-06-29,560050,0.887481,0.867907,0.019575,0.014064,0.011021,2025-06-29 17:13:01
2022-06-28,560050,0.883979,0.865217,0.018762,0.012687,0.01215,2025-06-29 17:13:01
2022-06-27,560050,0.878532,0.86165,0.016882,0.011168,0.011429,2025-06-29 17:13:01
2022-06-24,560050,0.873258,0.858263,0.014995,0.009739,0.010511,2025-06-29 17:13:01
2022-06-23,560050,0.868509,0.855224,0.013285,0.008425,0.009719,2025-06-29 17:13:01
2022-06-22,560050,0.86501,0.852868,0.012142,0.007211,0.009864,2025-06-29 17:13:01
2022-06-21,560050,0.862567,0.851071,0.011495,0.005978,0.011036,2025-06-29 17:13:01
2022-06-20,560050,0.858852,0.848707,0.010145,0.004598,0.011094,2025-06-29 17:13:01
2022-06-17,560050,0.854835,0.84627,0.008565,0.003211,0.010708,2025-06-29 17:13:01
2022-06-16,560050,0.850817,0.843916,0.006901,0.001873,0.010057,2025-06-29 17:13:01
2022-06-15,560050,0.848352,0.842385,0.005967,0.000616,0.010703,2025-06-29 17:13:01
2022-06-14,560050,0.845058,0.840511,0.004547,-0.000722,0.010539,2025-06-29 17:13:01
2022-06-13,560050,0.842953,0.839274,0.003679,-0.00204,0.011437,2025-06-29 17:13:01
2022-06-10,560050,0.84117,0.838236,0.002934,-0.003469,0.012807,2025-06-29 17:13:01
2022-06-09,560050,0.837412,0.836301,0.00111,-0.00507,0.012361,2025-06-29 17:13:01
2022-06-08,560050,0.83468,0.834949,-0.000269,-0.006615,0.012692,2025-06-29 17:13:01
2022-06-07,560050,0.830644,0.833051,-0.002407,-0.008202,0.011589,2025-06-29 17:13:01
2022-06-06,560050,0.82716,0.831528,-0.004368,-0.00965,0.010566,2025-06-29 17:13:01
2022-06-02,560050,0.823622,0.830082,-0.00646,-0.010971,0.009023,2025-06-29 17:13:01
2022-06-01,560050,0.821691,0.829507,-0.007816,-0.012099,0.008567,2025-06-29 17:13:01
2022-05-31,560050,0.819657,0.828955,-0.009298,-0.01317,0.007744,2025-06-29 17:13:01
2022-05-30,560050,0.817285,0.828321,-0.011035,-0.014138,0.006205,2025-06-29 17:13:01
2022-05-27,560050,0.816317,0.828443,-0.012126,-0.014914,0.005576,2025-06-29 17:13:01
2022-05-26,560050,0.816241,0.829045,-0.012804,-0.015611,0.005614,2025-06-29 17:13:01
2022-05-25,560050,0.816601,0.82989,-0.013288,-0.016312,0.006048,2025-06-29 17:13:01
2022-05-24,560050,0.817224,0.830884,-0.01366,-0.017068,0.006817,2025-06-29 17:13:01
2022-05-23,560050,0.818249,0.832088,-0.013839,-0.01792,0.008162,2025-06-29 17:13:01
2022-05-20,560050,0.817276,0.832356,-0.01508,-0.018941,0.007722,2025-06-29 17:13:01
2022-05-19,560050,0.815085,0.832112,-0.017027,-0.019906,0.005758,2025-06-29 17:13:01
2022-05-18,560050,0.814983,0.83296,-0.017976,-0.020626,0.005298,2025-06-29 17:13:01
2022-05-17,560050,0.81487,0.833852,-0.018982,-0.021288,0.004612,2025-06-29 17:13:01
2022-05-16,560050,0.8143,0.834581,-0.020281,-0.021864,0.003167,2025-06-29 17:13:01
2022-05-13,560050,0.815,0.83598,-0.02098,-0.02226,0.002561,2025-06-29 17:13:01
2022-05-12,560050,0.815111,0.837137,-0.022026,-0.02258,0.001109,2025-06-29 17:13:01
2022-05-11,560050,0.816124,0.838776,-0.022652,-0.022719,0.000134,2025-06-29 17:13:01
2022-05-10,560050,0.816693,0.840238,-0.023545,-0.022736,-0.001618,2025-06-29 17:13:01
2022-05-09,560050,0.819326,0.842724,-0.023398,-0.022533,-0.00173,2025-06-29 17:13:01
2022-05-06,560050,0.822806,0.845604,-0.022798,-0.022317,-0.000962,2025-06-29 17:13:01
2022-05-05,560050,0.825896,0.848268,-0.022372,-0.022197,-0.00035,2025-06-29 17:13:01
2022-04-29,560050,0.826662,0.849808,-0.023146,-0.022153,-0.001985,2025-06-29 17:13:01
2022-04-28,560050,0.826958,0.851166,-0.024208,-0.021905,-0.004607,2025-06-29 17:13:01
2022-04-27,560050,0.828953,0.853386,-0.024432,-0.021329,-0.006206,2025-06-29 17:13:01
2022-04-26,560050,0.831948,0.85609,-0.024142,-0.020554,-0.007177,2025-06-29 17:13:01
2022-04-25,560050,0.838164,0.860305,-0.022141,-0.019656,-0.004969,2025-06-29 17:13:01
2022-04-22,560050,0.84496,0.86469,-0.019729,-0.019035,-0.001389,2025-06-29 17:13:01
2022-04-21,560050,0.848178,0.867252,-0.019074,-0.018862,-0.000425,2025-06-29 17:13:01
2022-04-20,560050,0.852309,0.870213,-0.017904,-0.018808,0.001809,2025-06-29 17:13:01
2022-04-19,560050,0.855566,0.872698,-0.017132,-0.019035,0.003804,2025-06-29 17:13:01
2022-04-18,560050,0.857184,0.874366,-0.017182,-0.01951,0.004656,2025-06-29 17:13:01
2022-04-15,560050,0.858205,0.875754,-0.01755,-0.020092,0.005085,2025-06-29 17:13:01
2022-04-14,560050,0.858561,0.876846,-0.018286,-0.020728,0.004884,2025-06-29 17:13:01
2022-04-13,560050,0.858512,0.877786,-0.019274,-0.021338,0.004129,2025-06-29 17:13:01
2022-04-12,560050,0.859458,0.879248,-0.019791,-0.021854,0.004128,2025-06-29 17:13:01
2022-04-11,560050,0.860286,0.880682,-0.020396,-0.02237,0.003949,2025-06-29 17:13:01
2022-04-08,560050,0.862985,0.883034,-0.020049,-0.022864,0.005629,2025-06-29 17:13:01
2022-04-07,560050,0.863094,0.884141,-0.021047,-0.023568,0.005041,2025-06-29 17:13:01
2022-04-06,560050,0.863993,0.885675,-0.021681,-0.024198,0.005033,2025-06-29 17:13:01
2022-04-01,560050,0.863993,0.886815,-0.022823,-0.024827,0.004008,2025-06-29 17:13:01
2022-03-31,560050,0.863436,0.887753,-0.024317,-0.025328,0.002022,2025-06-29 17:13:01
2022-03-30,560050,0.864262,0.889424,-0.025162,-0.025581,0.000838,2025-06-29 17:13:01
2022-03-29,560050,0.864736,0.890973,-0.026237,-0.025686,-0.001103,2025-06-29 17:13:01
2022-03-28,560050,0.868262,0.894024,-0.025762,-0.025548,-0.000428,2025-06-29 17:13:01
2022-03-25,560050,0.871736,0.897025,-0.02529,-0.025494,0.000409,2025-06-29 17:13:01
2022-03-24,560050,0.874706,0.899764,-0.025057,-0.025545,0.000976,2025-06-29 17:13:01
2022-03-23,560050,0.875896,0.901646,-0.02575,-0.025667,-0.000165,2025-06-29 17:13:01
2022-03-22,560050,0.876773,0.903417,-0.026643,-0.025647,-0.001993,2025-06-29 17:13:01
2022-03-21,560050,0.878193,0.905491,-0.027299,-0.025398,-0.003802,2025-06-29 17:13:01
2022-03-18,560050,0.87977,0.907675,-0.027905,-0.024922,-0.005966,2025-06-29 17:13:01
2022-03-17,560050,0.881077,0.909763,-0.028686,-0.024177,-0.009018,2025-06-29 17:13:01
2022-03-16,560050,0.883197,0.912277,-0.02908,-0.023049,-0.012061,2025-06-29 17:13:01
2022-03-15,560050,0.888108,0.916134,-0.028026,-0.021542,-0.012968,2025-06-29 17:13:01
2022-03-14,560050,0.897009,0.921825,-0.024816,-0.019921,-0.009791,2025-06-29 17:13:01
2022-03-11,560050,0.903343,0.926131,-0.022788,-0.018697,-0.008183,2025-06-29 17:13:01
2022-03-10,560050,0.906937,0.929033,-0.022096,-0.017674,-0.008845,2025-06-29 17:13:01
2022-03-09,560050,0.91093,0.932088,-0.021158,-0.016568,-0.009179,2025-06-29 17:13:01
2022-03-08,560050,0.917033,0.936092,-0.019059,-0.015421,-0.007276,2025-06-29 17:13:01
2022-03-07,560050,0.923592,0.940202,-0.01661,-0.014511,-0.004197,2025-06-29 17:13:01
2022-03-04,560050,0.929547,0.943897,-0.01435,-0.013987,-0.000727,2025-06-29 17:13:01
2022-03-03,560050,0.932608,0.946102,-0.013494,-0.013896,0.000803,2025-06-29 17:13:01
2022-03-02,560050,0.934009,0.947476,-0.013467,-0.013996,0.001058,2025-06-29 17:13:01
2022-03-01,560050,0.935121,0.948712,-0.013591,-0.014128,0.001075,2025-06-29 17:13:01
2022-02-28,560050,0.935023,0.949381,-0.014358,-0.014263,-0.00019,2025-06-29 17:13:01
2022-02-25,560050,0.935803,0.950506,-0.014703,-0.014239,-0.000927,2025-06-29 17:13:01
2022-02-24,560050,0.937115,0.951901,-0.014786,-0.014123,-0.001326,2025-06-29 17:13:01
2022-02-23,560050,0.939794,0.953948,-0.014154,-0.013957,-0.000393,2025-06-29 17:13:01
2022-02-22,560050,0.940994,0.955261,-0.014268,-0.013908,-0.000719,2025-06-29 17:13:01
2022-02-21,560050,0.943215,0.957065,-0.01385,-0.013818,-6.2e-05,2025-06-29 17:13:01
2022-02-18,560050,0.944128,0.958226,-0.014098,-0.013811,-0.000575,2025-06-29 17:13:01
2022-02-17,560050,0.944475,0.959133,-0.014657,-0.013739,-0.001837,2025-06-29 17:13:01
2022-02-16,560050,0.944973,0.96014,-0.015167,-0.013509,-0.003315,2025-06-29 17:13:01
2022-02-15,560050,0.946081,0.961463,-0.015382,-0.013095,-0.004574,2025-06-29 17:13:01
2022-02-14,560050,0.947868,0.963119,-0.015251,-0.012523,-0.005456,2025-06-29 17:13:01
2022-02-11,560050,0.951075,0.965441,-0.014366,-0.011841,-0.005049,2025-06-29 17:13:01
2022-02-10,560050,0.954083,0.967622,-0.013538,-0.01121,-0.004657,2025-06-29 17:13:01
2022-02-09,560050,0.956426,0.969444,-0.013018,-0.010628,-0.004781,2025-06-29 17:13:01
2022-02-08,560050,0.958362,0.971046,-0.012684,-0.01003,-0.005308,2025-06-29 17:13:01
2022-02-07,560050,0.961736,0.973312,-0.011576,-0.009367,-0.004419,2025-06-29 17:13:01
2022-01-28,560050,0.963595,0.974802,-0.011207,-0.008814,-0.004785,2025-06-29 17:13:01
2022-01-27,560050,0.967106,0.977055,-0.009949,-0.008216,-0.003465,2025-06-29 17:13:01
2022-01-26,560050,0.969896,0.9789,-0.009004,-0.007783,-0.002442,2025-06-29 17:13:01
2022-01-25,560050,0.97144,0.980105,-0.008665,-0.007478,-0.002376,2025-06-29 17:13:01
2022-01-24,560050,0.973822,0.981689,-0.007868,-0.007181,-0.001374,2025-06-29 17:13:01
2022-01-21,560050,0.974246,0.982305,-0.008058,-0.007009,-0.002099,2025-06-29 17:13:01
2022-01-20,560050,0.974829,0.983005,-0.008176,-0.006747,-0.002858,2025-06-29 17:13:01
2022-01-19,560050,0.97481,0.983426,-0.008616,-0.006389,-0.004453,2025-06-29 17:13:01
2022-01-18,560050,0.976234,0.984554,-0.00832,-0.005833,-0.004975,2025-06-29 17:13:01
2022-01-17,560050,0.976815,0.985267,-0.008452,-0.005211,-0.006483,2025-06-29 17:13:01
2022-01-14,560050,0.978572,0.986545,-0.007972,-0.004401,-0.007143,2025-06-29 17:13:01
2022-01-13,560050,0.981414,0.98831,-0.006896,-0.003508,-0.006777,2025-06-29 17:13:01
2022-01-12,560050,0.983904,0.989853,-0.005948,-0.002661,-0.006576,2025-06-29 17:13:01
2022-01-11,560050,0.985227,0.990792,-0.005565,-0.001839,-0.007454,2025-06-29 17:13:01
2022-01-10,560050,0.988252,0.992518,-0.004266,-0.000907,-0.006719,2025-06-29 17:13:01
2022-01-07,560050,0.990613,0.993861,-0.003248,-6.7e-05,-0.006362,2025-06-29 17:13:01
2022-01-06,560050,0.993348,0.995328,-0.001979,0.000728,-0.005415,2025-06-29 17:13:01
2022-01-05,560050,0.996387,0.996871,-0.000484,0.001405,-0.003779,2025-06-29 17:13:01
2022-01-04,560050,0.99843,0.997864,0.000565,0.001878,-0.002624,2025-06-29 17:13:01
2021-12-31,560050,0.999033,0.99812,0.000913,0.002206,-0.002585,2025-06-29 17:13:01
2021-12-30,560050,0.999259,0.998179,0.00108,0.002529,-0.002898,2025-06-29 17:13:01
2021-12-29,560050,1.000066,0.998505,0.001561,0.002891,-0.00266,2025-06-29 17:13:01
2021-12-28,560050,1.001517,0.99911,0.002407,0.003223,-0.001632,2025-06-29 17:13:01
2021-12-27,560050,1.001353,0.998905,0.002447,0.003427,-0.00196,2025-06-29 17:13:01
2021-12-24,560050,1.001836,0.999006,0.002831,0.003672,-0.001684,2025-06-29 17:13:01
2021-12-23,560050,1.002374,0.999111,0.003262,0.003883,-0.001241,2025-06-29 17:13:01
2021-12-22,560050,1.002193,0.998854,0.003339,0.004038,-0.001398,2025-06-29 17:13:01
2021-12-21,560050,1.002992,0.999057,0.003935,0.004213,-0.000555,2025-06-29 17:13:01
2021-12-20,560050,1.004102,0.999376,0.004727,0.004282,0.00089,2025-06-29 17:13:01
2021-12-17,560050,1.005892,0.999974,0.005917,0.004171,0.003493,2025-06-29 17:13:01
2021-12-16,560050,1.006213,0.999815,0.006398,0.003734,0.005327,2025-06-29 17:13:01
2021-12-15,560050,1.004792,0.998805,0.005987,0.003068,0.005837,2025-06-29 17:13:01
2021-12-14,560050,1.003658,0.997953,0.005705,0.002339,0.006732,2025-06-29 17:13:01
2021-12-13,560050,1.001398,0.996582,0.004816,0.001497,0.006637,2025-06-29 17:13:01
2021-12-10,560050,0.997886,0.994665,0.003221,0.000668,0.005107,2025-06-29 17:13:01
2021-12-09,560050,0.994985,0.993121,0.001863,2.9e-05,0.003668,2025-06-29 17:13:01
2021-12-08,560050,0.991761,0.991496,0.000265,-0.000429,0.001388,2025-06-29 17:13:01
2021-12-07,560050,0.989957,0.990628,-0.000671,-0.000603,-0.000136,2025-06-29 17:13:01
2021-12-06,560050,0.989618,0.990503,-0.000884,-0.000586,-0.000597,2025-06-29 17:13:01
2021-12-03,560050,0.989687,0.990582,-0.000895,-0.000511,-0.000767,2025-06-29 17:13:01
2021-12-02,560050,0.989319,0.990454,-0.001136,-0.000415,-0.00144,2025-06-29 17:13:01
2021-12-01,560050,0.989799,0.990742,-0.000943,-0.000235,-0.001415,2025-06-29 17:13:01
2021-11-30,560050,0.990776,0.991254,-0.000478,-5.8e-05,-0.000839,2025-06-29 17:13:01
2021-11-29,560050,0.991752,0.991741,1e-05,4.7e-05,-7.2e-05,2025-06-29 17:13:01
2021-11-26,560050,0.992057,0.991886,0.000172,5.6e-05,0.000232,2025-06-29 17:13:01
2021-11-25,560050,0.992842,0.992248,0.000594,2.7e-05,0.001134,2025-06-29 17:13:01
2021-11-24,560050,0.992713,0.992156,0.000557,-0.000115,0.001344,2025-06-29 17:13:01
2021-11-23,560050,0.992014,0.991796,0.000219,-0.000283,0.001004,2025-06-29 17:13:01
2021-11-22,560050,0.991238,0.991416,-0.000178,-0.000409,0.000461,2025-06-29 17:13:01
2021-11-19,560050,0.990264,0.990965,-0.0007,-0.000466,-0.000468,2025-06-29 17:13:01
2021-11-18,560050,0.989961,0.990857,-0.000897,-0.000408,-0.000978,2025-06-29 17:13:01
2021-11-17,560050,0.991067,0.991429,-0.000362,-0.000286,-0.000152,2025-06-29 17:13:01
2021-11-16,560050,0.991075,0.991451,-0.000377,-0.000267,-0.00022,2025-06-29 17:13:01
2021-11-15,560050,0.990972,0.991423,-0.000451,-0.000239,-0.000423,2025-06-29 17:13:01
2021-11-12,560050,0.991413,0.991655,-0.000242,-0.000186,-0.000112,2025-06-29 17:13:01
2021-11-11,560050,0.991348,0.991637,-0.000289,-0.000172,-0.000234,2025-06-29 17:13:01
2021-11-10,560050,0.99072,0.991355,-0.000635,-0.000143,-0.000984,2025-06-29 17:13:01
2021-11-09,560050,0.9918,0.9919,-0.0001,-2e-05,-0.00016,2025-06-29 17:13:01
2021-11-08,560050,0.992,0.992,0.0,0.0,0.0,2025-06-29 17:13:01
